date,n_submitted,steth_submitted,n_finalized,steth_finalized,queue_length,queue_steth
2023-05-15,69,784.2951650389227,0.0,0.0,69.0,784.2951650389227
2023-05-16,501,441204.05572569737,96.0,11442.950050227277,474.0,430545.400840509
2023-05-17,48,6839.355188140726,507.0,437333.7971331544,15.0,50.95889549527783
2023-05-18,63,2158.947487637064,42.0,1936.6951198104168,36.0,273.2112633219251
2023-05-19,59,2454.592357081886,57.0,447.0098710899704,38.0,2280.7937493138406
2023-05-20,60,351.5107937271874,56.0,2334.976516391267,42.0,297.3280266497609
2023-05-21,50,292.1149771389004,58.0,331.9533034629033,34.0,257.48970032575795
2023-05-22,39,323.0001012467943,51.0,377.8313411286702,22.0,202.65846044388206
2023-05-23,50,1590.3553613896925,40.0,1390.417178096818,32.0,402.5966437367566
2023-05-24,53,3142.719599634595,57.0,2784.624125099989,28.0,760.6921182713623
2023-05-25,49,909.6003822136599,47.0,1329.472905156932,30.0,340.81959532809026
2023-05-26,49,1435.6310837287824,50.0,1722.7403164648815,29.0,53.71036259199116
2023-05-27,49,623.5582002106692,57.0,417.24455589009904,21.0,260.0240069125613
2023-05-28,48,973.3155438942338,37.0,500.3121311890173,32.0,733.0274196177777
2023-05-29,57,1567.1835596852825,52.0,989.0749003701424,37.0,1311.1360789329178
2023-05-30,36,931.1481601823874,53.0,2070.701772326378,20.0,171.58246678892738
2023-05-31,44,1294.522239534678,40.0,855.1595754854056,24.0,610.9451308381997
2023-06-01,54,1173.3737195865242,46.0,720.7395048472896,32.0,1063.5793455774342
2023-06-02,37,1425.3241432309528,48.0,2154.6668800214497,21.0,334.23660878693727
2023-06-03,57,6569.638556454185,48.0,754.2391021355832,30.0,6149.6360631055395
2023-06-04,65,6419.826548754094,58.0,6276.256970438738,37.0,6293.2056414208955
2023-06-05,54,2015.1660195566162,62.0,7098.662646302364,29.0,1209.709014675148
2023-06-06,70,8577.646766555554,54.0,3243.938018102465,45.0,6543.417763128237
2023-06-07,82,14019.858770080684,73.0,8151.514241264038,54.0,12411.762291944884
2023-06-08,81,15675.031210939733,82.0,13214.87817821399,53.0,14871.915324670626
2023-06-09,85,3576.9260746544555,82.0,15483.647428095632,56.0,2965.1939712294497
2023-06-10,85,7600.892499127171,76.0,5883.728778750551,65.0,4682.357691606069
2023-06-11,66,3505.387366339639,93.0,4860.676486734119,38.0,3327.068571211589
2023-06-12,84,7924.274170265086,71.0,6895.991893053941,51.0,4355.350848422734
2023-06-13,101,2672.0007076588463,82.0,5188.511259960284,70.0,1838.840296121296
2023-06-14,75,11929.562799872805,90.0,5256.593566369422,55.0,8511.80952962468
2023-06-15,102,15529.833586810453,100.0,18193.02923641633,57.0,5848.613880018804
2023-06-16,59,11752.502078290383,82.0,10640.108913202184,34.0,6961.007045107002
2023-06-17,53,4254.693869848255,51.0,7451.760673093056,36.0,3763.940241862202
2023-06-18,79,3316.2706864528996,55.0,4013.3372988733377,60.0,3066.873629441764
2023-06-19,62,6718.19214878932,79.0,3316.7754549228725,43.0,6468.290323308211
2023-06-20,73,8810.146737938512,70.0,8707.24178360232,46.0,6571.195277644403
2023-06-21,94,17522.280007554524,72.0,7246.122112149504,68.0,16847.35317304942
2023-06-22,77,6377.020543969345,106.0,22723.77433122725,39.0,500.5993857915164
2023-06-23,76,11935.136680139982,62.0,1979.4420963786908,53.0,10456.293969552808
2023-06-24,56,2339.0406646812976,79.0,12319.099243466451,30.0,476.23539076765337
2023-06-25,59,1469.851204337559,51.0,786.7066260949402,38.0,1159.3799690102721
2023-06-26,65,5997.841881922342,57.0,1310.7021466801357,46.0,5846.519704252479
2023-06-27,79,2892.3036350366324,79.0,6362.003577720944,46.0,2376.819761568167
2023-06-28,55,646.6445836917551,74.0,2596.1184409732373,27.0,427.3459042866848
2023-06-29,48,8299.54587298189,42.0,3573.412782183499,33.0,5153.478995085075
2023-06-30,55,5574.1204702935775,60.0,9700.209764622938,28.0,1027.3897007557152
2023-07-01,53,2840.3422393096457,48.0,3642.328992911939,33.0,225.4029471534218
2023-07-02,69,2032.2960946687167,57.0,337.7076968723676,45.0,1919.9913449497708
2023-07-03,90,9430.020622099139,81.0,2783.601888411351,54.0,8566.410078637558
2023-07-04,83,17657.381283916395,87.0,10467.900580622923,50.0,15755.89078193103
2023-07-05,44,4840.092959282861,66.0,17693.187103047305,28.0,2902.7966381665865
2023-07-06,38,1199.71668717802,42.0,3139.762895883144,24.0,962.7504294614623
2023-07-07,54,8686.775967108537,46.0,4313.941948357178,32.0,5335.584448212821
2023-07-08,96,33258.71901760502,46.0,10360.059494500038,82.0,28234.243971317803
2023-07-09,59,7073.300841499958,11.0,11000.0,130.0,24307.54481281776
2023-07-10,58,1465.3956179267077,103.0,18329.2520278965,85.0,7443.688402847969
2023-07-11,88,9926.984722370782,122.0,10061.055637940151,51.0,7309.6174872786
2023-07-12,137,1862.974529413045,76.0,8216.707384128456,112.0,955.8846325631885
2023-07-13,123,4676.730064459651,189.0,3550.9100637110696,46.0,2081.7046333117696
2023-07-14,109,1645.9186795377643,96.0,3475.86468630409,59.0,251.75862654544403
2023-07-15,79,301.8839387088958,98.0,492.76883975514266,40.0,60.87372549919718
2023-07-16,82,1357.9719391693343,71.0,1275.562278712361,51.0,143.28338595617055
2023-07-17,76,6219.822044434738,77.0,1427.054308686192,50.0,4936.051121704717
2023-07-18,70,8033.279472706256,80.0,7911.51467390585,40.0,5057.815920505122
2023-07-19,95,5468.984545549358,86.0,6407.394116076013,49.0,4119.406349978467
2023-07-20,58,4044.5094967399605,70.0,4155.615111665501,37.0,4008.3007350529265
2023-07-21,46,2173.301291332646,59.0,6033.84457203184,24.0,147.757454353733
2023-07-22,57,4154.72214587554,45.0,2674.938402209229,36.0,1627.5411980200442
2023-07-23,64,5730.440798355162,55.0,2503.446303061387,45.0,4854.535693313819
2023-07-24,61,8373.025622622426,81.0,9134.911924309084,25.0,4092.649391627161
2023-07-25,67,2012.9129831007872,60.0,4558.170678062657,32.0,1547.391696665291
2023-07-26,61,2526.575891739232,58.0,3910.401134438506,35.0,163.56645396601698
2023-07-27,40,432.24499032360933,54.0,493.7016927496336,21.0,102.10975153999271
2023-07-28,61,5711.183408826623,48.0,3784.083297355034,34.0,2029.2098630115818
2023-07-29,62,2411.5720538861547,69.0,4293.864641924761,27.0,146.91727497297575
2023-07-30,94,10708.242911783127,58.0,3949.795145049639,63.0,6905.365041706465
2023-07-31,121,28739.727138071292,115.0,15476.687018981544,69.0,20168.405160796214
2023-08-01,119,14036.431562506892,115.0,26304.7816721839,73.0,7900.055051119205
2023-08-02,89,15101.22456248222,83.0,10118.555041432706,79.0,12882.72457216872
2023-08-03,76,17643.5127904984,45.0,7312.827063659974,110.0,23213.410299007148
2023-08-04,68,1356.0917056954981,63.0,7841.732350808606,115.0,16727.76965389404
2023-08-05,81,3557.459394472505,139.0,17670.17560473559,57.0,2615.053443630957
2023-08-06,108,13621.56890343663,87.0,2907.608198032424,78.0,13329.014149035163
2023-08-07,80,15562.888405395159,108.0,14063.977449047145,50.0,14827.925105383178
2023-08-08,70,4317.948954162046,63.0,15551.664038169236,57.0,3594.2100213759877
2023-08-09,64,7043.946416927554,78.0,4181.562301816427,43.0,6456.594136487115
2023-08-10,57,6619.296826416118,64.0,8529.2538802512,36.0,4546.637082652032
2023-08-11,57,1600.8550028601644,57.0,5945.228064697208,36.0,202.26402081498964
2023-08-12,81,2173.368826571399,75.0,422.0251021010781,42.0,1953.6077452853106
2023-08-13,92,1928.2172759551192,75.0,2166.439291542097,59.0,1715.3857296983326
2023-08-14,60,6924.406976033762,81.0,7603.906857589039,38.0,1035.8858481430555
2023-08-15,57,4418.590263346489,65.0,3803.317405970632,30.0,1651.1587055189127
2023-08-16,45,594.2546936253096,48.0,1790.635726904648,27.0,454.7776722395745
2023-08-17,75,8785.662520581953,60.0,5157.96917238282,42.0,4082.4710204387075
2023-08-18,63,8491.681941947882,69.0,9577.08984631075,36.0,2997.0631160758394
2023-08-19,57,1453.6359934616178,60.0,4257.179459358455,33.0,193.51965017900238
2023-08-20,64,3215.566435512947,52.0,3007.73549354992,45.0,401.3505921420292
2023-08-21,61,5606.658402598109,80.0,4900.617701615752,26.0,1107.3912931243867
2023-08-22,86,8001.702835687053,52.0,2005.931093813968,60.0,7103.163034997472
2023-08-23,132,8125.186396378297,140.0,9688.543293972596,52.0,5539.806137403173
2023-08-24,69,4787.0014226198155,86.0,9111.397255696187,35.0,1215.4103043268015
2023-08-25,122,4024.6494594214328,72.0,4484.611132744201,85.0,755.4486310040329
2023-08-26,106,1942.372380176622,136.0,1166.1561403326314,55.0,1531.6648708480236
2023-08-27,96,5702.087758215329,106.0,4762.646825027831,45.0,2471.105804035521
2023-08-28,65,6448.415562608266,80.0,3315.1536388239706,30.0,5604.367727819816
2023-08-29,62,1148.6614724622682,62.0,5946.507489267135,30.0,806.5217110149497
2023-08-30,72,8774.91620702052,68.0,7423.922368837314,34.0,2157.515549198156
2023-08-31,89,11891.953203177216,82.0,5882.108231414112,41.0,8167.36052096126
2023-09-01,69,9243.522467033323,75.0,10878.610974113057,35.0,6532.272013881526
2023-09-02,79,11761.541255518525,74.0,9123.146097044517,40.0,9170.667172355534
2023-09-03,83,2389.744488457923,75.0,10575.747250369386,48.0,984.6644104440711
2023-09-04,73,7901.155294506948,74.0,1749.9947840929808,47.0,7135.824920858038
2023-09-05,107,16607.324775224293,67.0,12450.214343972508,87.0,11292.935352109824
2023-09-06,86,17024.829644974518,61.0,6592.801414175447,112.0,21724.963582908895
2023-09-07,87,12737.948529821,151.0,23304.53227308525,48.0,11158.379839644645
2023-09-08,82,7753.560639243564,80.0,11544.282350295282,50.0,7367.658128592928
2023-09-09,85,5606.400719851145,89.0,10408.684744699429,46.0,2565.3741037446443
2023-09-10,91,5697.219240931412,81.0,7653.821826995622,56.0,608.771517680434
2023-09-11,132,48082.75666280072,113.0,19181.944980530505,75.0,29509.583199950648
2023-09-12,102,7213.492434225107,58.0,25967.50862965614,119.0,10755.567004519617
2023-09-13,64,5118.240877607181,149.0,11954.241411264566,34.0,3919.5664708622317
2023-09-14,64,6716.249678218013,64.0,6388.625393315478,34.0,4247.190755764767
2023-09-15,87,9095.967719573197,69.0,7249.563171348881,52.0,6093.595303989083
2023-09-16,98,8035.737540560233,96.0,7799.780122348629,54.0,6329.552722200687
2023-09-17,109,2710.1127536248327,114.0,7461.849273652525,49.0,1577.816202172994
2023-09-18,101,8853.01259951015,97.0,1788.2913323297237,53.0,8642.537469353421
2023-09-19,128,4060.960127704013,131.0,9231.96124587158,50.0,3471.536351185854
2023-09-20,169,4111.318398730432,177.0,3663.421753383071,42.0,3919.432996533215
2023-09-21,125,14019.87234629839,99.0,5892.613966962722,68.0,12046.691375868884
2023-09-22,109,4765.775633496137,55.0,10223.010375314334,122.0,6589.456634050687
2023-09-23,111,2695.9758767081566,171.0,8036.855543924217,62.0,1248.5769668346265
2023-09-24,82,4056.453005205749,88.0,1691.5679296039837,56.0,3613.462042436392
2023-09-25,94,3690.9569295492465,100.0,4960.833994299936,50.0,2343.584977685702
2023-09-26,86,9248.241621722731,93.0,6953.964882068897,43.0,4637.861717339536
2023-09-27,98,22207.404652653226,77.0,4871.378046471116,64.0,21973.888323521645
2023-09-28,79,14027.895938164023,16.0,11018.559050244488,127.0,24983.225211441182
2023-09-29,88,6488.416570791945,158.0,25649.596222771263,57.0,5822.045559461865
2023-09-30,91,19104.072857972315,87.0,7682.002154631975,61.0,17244.116262802207
2023-10-01,107,7285.140805052529,100.0,17578.417365669222,68.0,6950.839702185513
2023-10-02,113,25533.808582225476,128.0,18087.70485291979,53.0,14396.9434314912
2023-10-03,77,2715.954569313303,90.0,15865.315605641365,40.0,1247.5823951631392
2023-10-04,175,84188.96773976929,73.0,2454.0770166591874,142.0,82982.47311827325
2023-10-05,90,18089.67336438444,19.0,19000.000000000004,213.0,82072.14648265768
2023-10-06,95,7729.4660077471,23.0,23000.000000000004,285.0,66801.61249040478
2023-10-07,82,1011.3908368456212,62.0,38388.74137019907,305.0,29424.26195705132
2023-10-08,103,6416.079751249103,39.0,3593.731748074198,369.0,32246.609960226226
2023-10-09,103,19647.432596387058,409.0,41709.1805251606,63.0,10184.862031452685
2023-10-10,142,21847.88392490931,118.0,15610.50989319204,87.0,16422.236063169956
2023-10-11,146,28164.403384125842,95.0,21349.22698613884,138.0,23237.412461156957
2023-10-12,116,12832.156720153007,21.0,12012.260286961027,233.0,24057.308894348935
2023-10-13,86,7199.097922498633,129.0,11298.03772043635,190.0,19958.369096411217
2023-10-14,84,5578.165008143305,41.0,4111.953691230259,233.0,21424.580413324264
2023-10-15,92,4195.447714377782,26.0,6298.77988846519,299.0,19321.248239236855
2023-10-16,115,23615.312830968916,342.0,26567.326151729794,72.0,16369.234918475977
2023-10-17,115,26770.112888294538,88.0,19399.37965207628,99.0,23739.968154694234
2023-10-18,139,42090.99921807134,6.0,6000.0,232.0,59830.967372765575
2023-10-19,104,19945.50693340517,34.0,5035.39047352564,302.0,74741.0838326451
2023-10-20,81,5851.561363841866,29.0,6451.027538886042,354.0,74141.61765760093
2023-10-21,120,5757.082942569361,72.0,9993.375458348712,402.0,69905.32514182158
2023-10-22,92,1779.7364507053858,12.0,11008.837084153836,482.0,60676.22450837313
2023-10-23,113,37273.27686359567,150.0,41532.93271116725,445.0,56416.56866080155
2023-10-24,162,28457.20116443558,518.0,66032.455845967,89.0,18841.31397927014
2023-10-25,112,14191.558341263675,57.0,17235.32172002618,144.0,15797.550600507637
2023-10-26,98,15052.130344902713,180.0,17565.506680570586,62.0,13284.174264839763
2023-10-27,95,10788.126562603513,77.0,15070.149139653984,80.0,9002.151687789292
2023-10-28,87,11040.438726669965,118.0,14013.535858026427,49.0,6029.0545564328295
2023-10-29,115,5636.767406155028,88.0,6205.692435110335,76.0,5460.129527477522
2023-10-30,83,7081.4087018165665,112.0,5556.053992806716,47.0,6985.484236487372
2023-10-31,56,7612.122128361778,68.0,9441.87886210202,35.0,5155.7275027471305
2023-11-01,100,12834.632963036385,76.0,13546.19715179482,59.0,4444.163313988695
2023-11-02,170,90241.30019855987,108.0,13062.096599435565,121.0,81623.366913113
2023-11-03,70,6324.184375041415,104.0,69589.17398379782,87.0,18358.37730435659
2023-11-04,115,6241.934069524619,124.0,20114.434417090102,78.0,4485.876956791106
2023-11-05,93,3598.4880073923027,110.0,4671.383795258104,61.0,3412.9811689253042
2023-11-06,78,6125.0337148600765,88.0,4626.031423487439,51.0,4911.983460297943
2023-11-07,102,18452.06415868229,82.0,8363.569953979279,71.0,15000.477665000953
2023-11-08,86,3856.0367655347127,100.0,15959.819425001644,57.0,2896.695005534022
2023-11-09,111,18551.574384318053,95.0,4981.978267019383,73.0,16466.291122832692
2023-11-10,117,13782.04619487267,108.0,18049.354410180687,82.0,12198.982907524674
2023-11-11,117,10408.157400324331,47.0,8542.305903638407,152.0,14064.834404210598
2023-11-12,90,10267.528152329276,87.0,7600.884179701143,155.0,16731.47837683873
2023-11-13,103,32103.81033361324,69.0,6509.810834969512,189.0,42325.477875482466
2023-11-14,88,15640.22187910337,53.0,6922.446318438768,224.0,51043.25343614707
2023-11-15,77,3998.586058178416,78.0,25431.91115191806,223.0,29609.928342407424
2023-11-16,82,11798.724461260252,261.0,34794.68723625659,44.0,6613.965567411084
2023-11-17,81,15945.63040486984,76.0,11205.940054600112,49.0,11353.655917680811
2023-11-18,89,6276.815279060197,86.0,13687.478770699625,52.0,3942.9924260413836
2023-11-19,89,7506.758229111027,82.0,5154.645585512873,59.0,6295.105069639537
2023-11-20,70,3877.3253601758474,88.0,7432.689919774626,41.0,2739.740510040758
2023-11-21,80,4293.136301137912,81.0,3929.528704772184,40.0,3103.348106406486
2023-11-22,87,7002.958045983204,76.0,6718.584157989845,51.0,3387.721994399845
2023-11-23,94,12726.067420981937,82.0,9947.332456528708,63.0,6166.456958853074
2023-11-24,124,18569.696159943214,133.0,17994.594233943502,54.0,6741.558884852786
2023-11-25,91,8886.279154255013,86.0,8710.631406822227,59.0,6917.206632285572
2023-11-26,71,6468.184707538795,85.0,9833.91113764681,45.0,3551.4802021775567
2023-11-27,73,6384.650095808732,79.0,4430.907223627175,39.0,5505.2230743591135
2023-11-28,77,5383.610085015877,63.0,7056.790804747247,53.0,3832.0423546277434
2023-11-29,72,2090.795679248566,86.0,5678.950789030955,39.0,243.88724484535442
2023-11-30,66,4857.797277121738,66.0,755.5814705143187,39.0,4346.103051452774
2023-12-01,76,9467.79275154991,71.0,6253.542935492243,44.0,7560.352867510442
2023-12-02,87,10475.18711019891,77.0,15329.758235522251,54.0,2705.7817421871014
2023-12-03,86,4069.806968218295,90.0,4760.369929455247,50.0,2015.2187809501493
2023-12-04,112,26760.135375243484,97.0,15684.243466444268,65.0,13091.110689749366
2023-12-05,113,36545.763722049145,100.0,21295.20166776761,78.0,28341.6727440309
2023-12-06,122,50277.02593267485,125.0,47087.82562885196,75.0,31530.873047853787
2023-12-07,123,53961.51825409243,98.0,41274.203282738505,100.0,44218.18801920771
2023-12-08,84,4503.4234435109,58.0,25214.131730805497,126.0,23507.47973191311
2023-12-09,130,39592.26339299845,76.0,19389.00624631008,180.0,43710.736878601485
2023-12-10,131,13841.79861556085,133.0,11469.402760258095,178.0,46083.13273390424
2023-12-11,129,33125.72437307312,18.0,18000.0,289.0,61208.85710697736
2023-12-12,73,6300.925328106737,19.0,11827.79654716306,343.0,55681.98588792104
2023-12-13,101,49388.60398321836,80.0,12344.1609587261,364.0,92726.4289124133
2023-12-14,66,5197.875812241321,143.0,28799.66911380124,287.0,69124.63561085338
2023-12-15,112,58636.31094258087,88.0,9834.764644076537,311.0,117926.18190935772
2023-12-16,82,7809.460592914789,87.0,30846.2101988242,306.0,94889.43230344831
2023-12-17,147,42583.9402455642,190.0,68980.74710181211,263.0,68492.6254472004
2023-12-18,75,9718.204113398222,151.0,31652.20319654,187.0,46558.62636405862
2023-12-19,111,38682.75930881208,237.0,69630.48967215883,61.0,15610.896000711866
2023-12-20,166,64684.568878582424,34.0,13449.263588629292,193.0,66846.20129066499
2023-12-21,174,40136.28254441875,65.0,9793.98289276564,302.0,97188.50094231809
2023-12-22,164,13530.910603974216,12.0,12000.0,454.0,98719.41154629231
2023-12-23,203,11711.935098651122,118.0,46053.24532373193,539.0,64378.1013212115
2023-12-24,207,10927.097816786016,440.0,56152.18631983871,306.0,19153.012818158808
2023-12-25,199,22680.11472949246,395.0,23084.53055318561,110.0,18748.596994465657
2023-12-26,187,8626.84222935494,193.0,21700.568083945476,104.0,5674.87113987512
2023-12-27,150,10020.341268008873,170.0,10247.5423260422,84.0,5447.670081841794
2023-12-28,152,15588.894473488082,139.0,10765.55758118362,97.0,10271.006974146256
2023-12-29,164,16905.10489088823,118.0,11135.3749811756,143.0,16040.736883858885
2023-12-30,171,13622.323448734498,208.0,21074.189775903054,106.0,8588.870556690328
2023-12-31,153,7030.494769241966,168.0,10968.683473082485,91.0,4650.68185284981
2024-01-01,185,12187.791957732965,159.0,11108.959261321106,117.0,5729.514549261668
2024-01-02,167,8101.342384749797,182.0,8730.35256630176,102.0,5100.504367709705
2024-01-03,140,28413.594461196146,171.0,25774.178178980048,71.0,7739.9206499258025
2024-01-04,125,25280.662518997782,85.0,14322.82645819597,111.0,18697.756710727615
2024-01-05,149,16930.516399195993,166.0,28572.693809981167,94.0,7055.579299942441
2024-01-06,129,11150.807506583378,121.0,10710.68479790293,102.0,7495.7020086228895
2024-01-07,71,5325.258560959323,59.0,3146.515630717555,114.0,9674.444938864657
2024-01-08,149,14055.91337602935,82.0,6576.415595764191,181.0,17153.942719129816
2024-01-09,151,39114.58991485544,207.0,24223.779775491694,125.0,32044.75285849356
2024-01-10,95,11678.935764286398,164.0,40300.57613898152,56.0,3423.1124837984353
2024-01-11,139,17074.03816485101,112.0,13697.125015073923,83.0,6800.02563357552
2024-01-12,161,26477.75684029472,127.0,20314.731031981835,117.0,12963.051441888407
2024-01-13,112,23005.115476890893,120.0,14967.315722888488,109.0,21000.851195890813
2024-01-14,80,12139.80171852274,53.0,12330.695272139972,136.0,20809.95764227358
2024-01-15,95,12387.183553372126,79.0,13177.793666745914,152.0,20019.347528899794
2024-01-16,85,9811.849885115653,88.0,15733.106714091691,149.0,14098.090699923756
2024-01-17,95,25437.2627965662,191.0,30671.89844351577,53.0,8863.455052974186
2024-01-18,76,7176.146498366329,81.0,12675.536976485988,48.0,3364.0645748545276
2024-01-19,96,9517.959973238341,77.0,5698.806471781879,67.0,7183.21807631099
2024-01-20,158,23582.115339115793,115.0,9261.39863915697,110.0,21503.934776269813
2024-01-21,189,11381.509319910147,62.0,9257.316186928008,237.0,23628.12790925195
2024-01-22,183,20550.064870907638,268.0,24306.3738711678,152.0,19871.818908991787
2024-01-23,174,24658.295637981064,190.0,21791.977361571164,136.0,22738.137185401687
2024-01-24,140,11984.620044132405,192.0,25437.84884131201,84.0,9284.908388222082
2024-01-25,78,14627.0930179981,118.0,16510.18825092291,44.0,7401.813155297272
2024-01-26,99,7873.988572970047,80.0,10295.00260443372,63.0,4980.7991238336
2024-01-27,101,6987.929447741189,94.0,5890.857532182303,70.0,6077.871039392486
2024-01-28,115,9436.971151003314,112.0,9429.91194549215,73.0,6084.93024490365
2024-01-29,95,16254.075955713306,109.0,14130.47962463664,59.0,8208.526575980315
2024-01-30,108,10710.616939893574,99.0,12472.826718585333,68.0,6446.316797288557
2024-01-31,107,22364.083291711857,108.0,15615.194124338335,67.0,13195.205964662078
2024-02-01,119,18728.550242819194,122.0,24574.659744483,64.0,7349.096462998272
2024-02-02,104,9638.102797949441,99.0,8719.70374990486,69.0,8267.495511042853
2024-02-03,153,62014.21500393811,92.0,24320.643713062756,130.0,45961.066801918205
2024-02-04,117,5388.565717055153,19.0,18469.493353620845,228.0,32880.13916535251
2024-02-05,149,48759.70646087762,262.0,39950.64852349641,115.0,41689.19710273372
2024-02-06,89,11075.848731507323,79.0,38938.54566482204,125.0,13826.500169419
2024-02-07,79,20206.61390228173,156.0,14423.46660299135,48.0,19609.64746870938
2024-02-08,57,6316.831013298187,74.0,20532.34114788424,31.0,5394.137334123327
2024-02-09,65,7251.680939453743,56.0,5926.131015593137,40.0,6719.687257983933
2024-02-10,82,5122.687853324601,70.0,7692.318279576273,52.0,4150.05683173226
2024-02-11,97,7652.799739189072,90.0,6232.9618962370105,59.0,5569.894674684322
2024-02-12,77,8691.076169735357,91.0,9288.534560326068,45.0,4972.436284093611
2024-02-13,115,8093.860960323018,99.0,6332.753962294278,61.0,6733.543282122351
2024-02-14,89,6971.470011526116,91.0,7881.763596334605,59.0,5823.249697313862
2024-02-15,100,11831.491785945047,91.0,7304.8890890712755,68.0,10349.852394187634
2024-02-16,118,13273.536673729404,125.0,14090.95207602744,61.0,9532.436991889597
2024-02-17,126,13747.239557160403,90.0,10810.421248373685,97.0,12469.255300676316
2024-02-18,85,4766.93481034134,126.0,13565.437494378655,56.0,3670.7526166390016
2024-02-19,117,23806.007532593187,89.0,10142.54997723802,84.0,17334.210171994167
2024-02-20,109,9889.60786909682,125.0,18648.087270994853,68.0,8575.730770096136
2024-02-21,96,9677.84174571823,117.0,11453.272797297775,47.0,6800.29971851659
2024-02-22,98,15444.550797342565,79.0,9843.354215939777,66.0,12401.496299919378
2024-02-23,108,18591.113796668455,71.0,12829.217130647998,103.0,18163.392965939835
2024-02-24,102,15484.977683879153,67.0,13582.271783424954,138.0,20066.098866394033
2024-02-25,94,10745.799940971063,91.0,9978.265602477944,141.0,20833.63320488715
2024-02-26,129,19485.00822201243,177.0,26128.359168679886,93.0,14190.282258219697
2024-02-27,158,25648.993504887076,157.0,20523.91278708207,94.0,19315.362976024702
2024-02-28,177,23172.63788151376,149.0,26815.74555482449,122.0,15672.255302713973
2024-02-29,173,20127.4640879713,192.0,19245.165342567718,103.0,16554.554048117556
2024-03-01,153,15107.841738897527,165.0,20063.634779773314,91.0,11598.761007241768
2024-03-02,136,16950.579648863557,35.0,9019.549252147392,192.0,19529.791403957934
2024-03-03,120,8383.710424339106,202.0,19593.90419402691,110.0,8319.59763427013
2024-03-04,122,12235.342853838121,145.0,11049.468006639532,87.0,9505.47248146872
2024-03-05,169,25516.702970776336,149.0,14430.882044285385,107.0,20591.29340795967
2024-03-06,220,79328.95882771311,138.0,31053.347720483864,189.0,68866.90451518891
2024-03-07,131,12697.394809771396,209.0,70523.57838089328,111.0,11040.720944067034
2024-03-08,138,19318.40416436204,143.0,16417.20025282768,106.0,13941.924855601395
2024-03-09,145,20130.93882912783,130.0,17341.30561230002,121.0,16731.558072429205
2024-03-10,212,85242.24328231174,168.0,20118.404932481208,165.0,81855.39642225974
2024-03-11,179,26862.844369106966,61.0,23978.16985075629,283.0,84740.07094061041
2024-03-12,129,7595.229813776034,51.0,39167.08525778909,361.0,53168.21549659736
2024-03-13,131,13682.195008856152,27.0,16128.284077873292,465.0,50722.126427580224
2024-03-14,152,13864.348225481926,62.0,9427.540708611865,555.0,55158.933944450284
2024-03-15,230,65585.53179833906,114.0,16224.72847990364,671.0,104519.7372628857
2024-03-16,203,41061.480210198264,584.0,75994.53543000102,290.0,69586.68204308294
2024-03-17,174,6128.552100126048,11.0,8926.886592093153,453.0,66788.34755111583
2024-03-18,170,39755.256292365826,63.0,15184.360967514376,560.0,91359.24287596729
2024-03-19,157,22312.455499658758,115.0,15378.994246288034,602.0,98292.70412933802
2024-03-20,118,13207.86650336637,12.0,12000.0,708.0,99500.57063270439
2024-03-21,146,13385.015019506169,80.0,16424.654245535716,774.0,96460.93140667485
2024-03-22,131,15533.963080411153,195.0,11890.834969179208,710.0,100104.05951790679
2024-03-23,153,11696.708406406233,125.0,24171.06156708929,738.0,87629.70635722374
2024-03-24,151,6770.492168633406,99.0,19104.02331620042,790.0,75296.17520965672
2024-03-25,159,27326.94567001539,825.0,78287.5791684743,124.0,24335.54171119781
2024-03-26,146,29921.66310131362,53.0,15120.87423568915,217.0,39136.33057682228
2024-03-27,148,30696.363900844684,89.0,14362.7788388156,276.0,55469.915638851366
2024-03-28,188,63952.17068227902,50.0,5830.371770397026,414.0,113591.71455073336
2024-03-29,166,40847.72205559982,28.0,6655.240879325805,552.0,147784.19572700738
2024-03-30,147,16635.94299125813,34.0,7240.404445934681,665.0,157179.73427233082
2024-03-31,130,5779.619129616913,4.0,4000.0,791.0,158959.35340194774
2024-04-01,154,20738.968247213026,193.0,46977.44573465887,752.0,132720.8759145019
2024-04-02,136,40250.071791823015,294.0,84958.23928579039,594.0,88012.70842053453
2024-04-03,137,28259.632528130867,406.0,38706.8765504692,325.0,77565.4643981962
2024-04-04,121,14502.50782692032,63.0,15107.453069886382,383.0,76960.51915523014
2024-04-05,174,51091.33980954912,12.0,5498.35969747324,545.0,122553.49926730602
2024-04-06,157,23975.013643413895,128.0,36499.49351859694,574.0,110029.01939212298
2024-04-07,178,29140.541267962948,32.0,4414.219460136716,720.0,134755.3411999492
2024-04-08,158,31655.035262048463,37.0,10647.015734554612,841.0,155763.36072744307
2024-04-09,131,24010.005847414668,206.0,28790.57583466678,766.0,150982.79074019095
2024-04-10,166,30069.643728237697,338.0,69810.62833270481,594.0,111241.80613572383
2024-04-11,166,36517.341277664564,248.0,51165.98966523288,512.0,96593.15774815551
2024-04-12,103,12950.311964623808,53.0,6167.792512580943,562.0,103375.67720019838
2024-04-13,102,7124.325778893909,56.0,5193.598252848852,608.0,105306.40472624343
2024-04-14,134,17417.269126474464,61.0,17049.694138000174,681.0,105673.97971471772
2024-04-15,126,16252.943585296716,162.0,29485.546687331625,645.0,92441.37661268281
2024-04-16,89,2190.770522894794,74.0,11705.184074735056,660.0,82926.96306084255
2024-04-17,91,4891.642589455035,25.0,11149.675246214689,726.0,76668.9304040829
2024-04-18,111,18822.422307955178,376.0,44822.42626134553,461.0,50668.926450692554
2024-04-19,120,15350.14065666193,461.0,50668.9264506926,120.0,15350.140656661883
2024-04-20,132,11474.700185643329,163.0,15680.25568611643,89.0,11144.585156188781
2024-04-21,123,6894.085155406117,150.0,12604.003597675366,62.0,5434.666713919532
2024-04-22,119,17987.284733583372,99.0,9400.412526073133,82.0,14021.538921429772
2024-04-23,103,13864.279821901035,44.0,10897.602150982362,141.0,16988.216592348443
2024-04-24,106,19202.13963220694,160.0,18401.43027432245,87.0,17788.925950232933
2024-04-25,112,11990.17697789198,135.0,18584.35683849193,64.0,11194.746089632983
2024-04-26,141,28978.716171512533,124.0,23171.466719483607,81.0,17001.99554166191
2024-04-27,92,7241.0746859036635,30.0,10866.435712060616,143.0,13376.634515504957
2024-04-28,120,10881.084467084114,159.0,14452.510851032852,104.0,9805.208131556219
2024-04-29,100,15430.325081357072,146.0,15032.88441008788,58.0,10202.648802825412
2024-04-30,129,18216.9310971933,104.0,15589.627904636653,83.0,12829.95199538206
2024-05-01,144,15270.766870313864,49.0,8678.387696235175,178.0,19422.331169460747
2024-05-02,117,18529.875355689277,210.0,21532.775440998117,85.0,16419.431084151907
2024-05-03,103,6102.775698913386,120.0,17109.287664477728,68.0,5412.919118587564
2024-05-04,105,10177.924727692756,109.0,11145.372501488982,64.0,4445.471344791338
2024-05-05,109,6522.2173860182165,104.0,6169.404860223144,69.0,4798.283870586411
2024-05-06,104,16297.077138973813,79.0,8549.082471416314,94.0,12546.27853814391
2024-05-07,139,12353.412865629914,151.0,14284.339674878684,82.0,10615.35172889514
2024-05-08,199,10883.42684767687,141.0,12586.227565492303,140.0,8912.551011079708
2024-05-09,179,5964.143734858454,208.0,9467.891467798365,111.0,5408.803278139797
2024-05-10,182,13547.277946815278,203.0,9532.067848546189,90.0,9424.013376408886
2024-05-11,128,8500.609534288486,142.0,12065.544438008455,76.0,5859.078472688916
2024-05-12,121,4253.2255204895855,43.0,2791.6495888037225,154.0,7320.654404374779
2024-05-13,164,31420.807379121943,158.0,7381.191041691573,160.0,31360.270741805147
2024-05-14,135,9812.690551323516,83.0,11976.677676298632,212.0,29196.28361683003
2024-05-15,143,7203.366676607996,21.0,11467.717315736983,334.0,24931.932977701043
2024-05-16,178,29571.406560990177,240.0,18315.56448717765,272.0,36187.77505151357
2024-05-17,141,9354.020081381559,61.0,4251.246948073544,352.0,41290.548184821586
2024-05-18,123,2706.7227963262353,65.0,4821.261280568969,410.0,39176.009700578856
2024-05-19,158,13397.993823636414,460.0,40601.26256632851,108.0,11972.740957886763
2024-05-20,166,26057.954290873236,169.0,14667.961029465896,105.0,23362.734219294103
2024-05-21,278,21282.93689610248,223.0,32463.092249492904,160.0,12182.57886590368
2024-05-22,180,22966.071340077193,180.0,14857.436718182827,160.0,20291.213487798046
2024-05-23,160,18546.994879612277,172.0,22499.170944651534,148.0,16339.037422758789
2024-05-24,156,23653.094801203857,192.0,24045.413096904093,112.0,15946.719127058554
2024-05-25,93,8028.313884857376,49.0,11122.04489594332,156.0,12852.98811597261
2024-05-26,119,7510.475448679515,71.0,6944.6011702368805,204.0,13418.862394415244
2024-05-27,112,16179.40931577087,183.0,12616.083187648535,133.0,16982.18852253758
2024-05-28,94,10953.60196977132,97.0,15189.367333958358,130.0,12746.423158350543
2024-05-29,117,14683.567009630058,180.0,20671.10386031173,67.0,6758.88630766887
2024-05-30,95,11031.026034914368,91.0,11023.22102176595,71.0,6766.691320817288
2024-05-31,86,7098.431241028161,37.0,4103.127266834273,120.0,9761.995295011176
2024-06-01,120,10627.262217897305,161.0,12467.202364851915,79.0,7922.055148056566
2024-06-02,124,13607.56307177264,140.0,12423.839791411625,63.0,9105.778428417581
2024-06-03,103,9957.543071199883,70.0,9362.582915286845,96.0,9700.73858433062
2024-06-04,101,9545.898003059603,140.0,10798.825766469929,57.0,8447.810820920295
2024-06-05,103,7565.545534353457,108.0,11137.634571856748,52.0,4875.721783417003
2024-06-06,83,9662.378513769698,101.0,8785.096095534047,34.0,5753.004201652654
2024-06-07,130,44639.62318497301,65.0,7066.888309838591,99.0,43325.739076787075
2024-06-08,70,4030.108412743871,23.0,8215.903603237392,146.0,39139.94388629356
2024-06-09,67,1838.245701637711,7.0,7000.0,206.0,33978.189587931265
2024-06-10,93,8425.846453851806,22.0,22000.0,277.0,20404.03604178307
2024-06-11,85,9325.117877409284,301.0,22288.43603502143,61.0,7440.717884170925
2024-06-12,122,7524.970704022279,92.0,9268.022989143374,91.0,5697.66559904983
2024-06-13,81,5686.278428267915,124.0,7755.425245609103,48.0,3628.5187817086426
2024-06-14,95,4286.783464357247,88.0,5949.041450078846,55.0,1966.2607959870438
2024-06-15,149,56103.094146991105,102.0,6208.168326398003,102.0,51861.18661658015
2024-06-16,96,1352.3533092748316,38.0,2800.79306544988,160.0,50412.746860405096
2024-06-17,88,2928.534034114708,16.0,16000.0,232.0,37341.280894519805
2024-06-18,86,6435.937790027345,31.0,31000.000000000004,287.0,12777.218684547144
2024-06-19,82,2990.7756710210283,318.0,14221.89215689876,51.0,1546.1021986694122
2024-06-20,96,4557.430238679859,87.0,3042.4857672900075,60.0,3061.0466700592638
2024-06-21,94,6853.723415373112,100.0,7109.542305840229,54.0,2805.227779592147
2024-06-22,119,7151.485614983141,95.0,3556.2821508528746,78.0,6400.4312437224135
2024-06-23,125,2898.823718487949,127.0,7235.560338644808,76.0,2063.694623565554
2024-06-24,105,8396.447492682411,112.0,3652.160415617579,69.0,6807.9817006303865
2024-06-25,100,3169.018626800062,111.0,7795.106481851784,58.0,2181.893845578664
2024-06-26,120,7361.010352345974,116.0,3791.483815132234,62.0,5751.420382792403
2024-06-27,91,7913.487212346937,102.0,8758.243743134764,51.0,4906.663852004575
2024-06-28,177,59789.04559847679,94.0,6075.758607395219,134.0,58619.950843086146
2024-06-29,136,35579.7055719271,52.0,13922.933946362658,218.0,80276.72246865058
2024-06-30,125,24227.79742453425,63.0,25697.016896723537,280.0,78807.50299646129
2024-07-01,88,11040.683937317728,27.0,27000.000000000004,341.0,62848.18693377901
2024-07-02,97,8779.546389672274,133.0,28615.05471898413,305.0,43012.67860446715
2024-07-03,77,8864.734144210764,128.0,27201.69108303042,254.0,24675.7216656475
2024-07-04,150,73694.06028484894,266.0,30761.49310151205,138.0,67608.28884898438
2024-07-05,91,11977.225586620287,10.0,10000.0,219.0,69585.51443560467
2024-07-06,103,12533.552512983142,72.0,18497.117897630556,250.0,63621.94905095725
2024-07-07,117,5154.512535657452,62.0,39224.30541316436,305.0,29552.15617345034
2024-07-08,120,15053.373016902933,359.0,38753.319062374096,66.0,5852.210127979179
2024-07-09,108,19906.192860674175,88.0,15081.47603011276,86.0,10676.926958540593
2024-07-10,108,26335.75686107533,114.0,16411.43717304073,80.0,20601.246646575193
2024-07-11,112,53408.34125072441,85.0,20983.24033626056,107.0,53026.347561039045
2024-07-12,64,2924.265834185591,80.0,36485.54344113304,91.0,19465.069954091596
2024-07-13,65,4656.618456661076,15.0,15000.0,141.0,9121.688410752671
2024-07-14,78,9670.551192913383,120.0,8992.697875436617,99.0,9799.541728229437
2024-07-15,105,17536.712543388414,138.0,14449.790998339986,66.0,12886.463273277865
2024-07-16,124,10033.421095420168,118.0,20506.401713319457,72.0,2413.482655378575
2024-07-17,309,11513.692534719376,334.0,8682.582128743872,47.0,5244.593061354079
2024-07-18,80,7586.869635214422,72.0,6016.2999069734815,55.0,6815.162789595019
2024-07-19,93,7844.663698371452,86.0,11943.943581771691,62.0,2715.882906194779
2024-07-20,96,6005.62878122973,100.0,5799.862224953208,58.0,2921.6494624713005
2024-07-21,92,2664.445097968214,86.0,3661.171207703521,64.0,1924.9233527359938
2024-07-22,104,6439.4709682805,108.0,5103.278624810689,60.0,3261.115696205805
2024-07-23,102,4449.9504732301475,104.0,4634.448740261826,58.0,3076.6174291741263
2024-07-24,106,15715.23733353596,90.0,6182.809335741731,74.0,12609.045426968356
2024-07-25,91,19449.51260937013,54.0,10959.23890889758,111.0,21099.319127440904
2024-07-26,104,24292.009071573913,58.0,12692.486382623714,157.0,32698.841816391105
2024-07-27,88,8249.183994702664,21.0,6898.821891975435,224.0,34049.203919118336
2024-07-28,255,891.8599515184702,80.0,10758.729595798191,399.0,24182.334274838613
2024-07-29,120,22758.922919674824,13.0,12202.062427211007,506.0,34739.194767302426
2024-07-30,101,8436.673808195774,549.0,36147.12555686093,58.0,7028.743018637273
2024-07-31,110,32746.72223094026,69.0,12109.621853148388,99.0,27665.843396429147
2024-08-01,53,8136.226396856764,39.0,9623.910420434033,113.0,26178.15937285188
2024-08-02,159,13230.037820771424,8.0,8000.0,264.0,31408.197193623302
2024-08-03,108,18055.62446391505,292.0,32718.197445829792,80.0,16745.62421170856
2024-08-04,94,12893.701798954462,57.0,14781.454234411436,117.0,14857.871776251586
2024-08-05,179,64820.407244564405,121.0,15240.736921225214,175.0,64437.54209959078
2024-08-06,85,9504.524143061384,48.0,18775.497341358496,212.0,55166.568901293664
2024-08-07,129,32742.105166171503,22.0,8425.752970178282,319.0,79482.92109728689
2024-08-08,82,5138.656521531731,60.0,25450.709183426054,341.0,59170.868435392564
2024-08-09,115,16513.081451172566,178.0,30465.23212654128,278.0,45218.71776002385
2024-08-10,81,5325.578743675568,12.0,12000.0,347.0,38544.29650369942
2024-08-11,75,3702.902936066371,48.0,8703.908447221766,374.0,33543.290992544025
2024-08-12,93,21010.890785132953,395.0,35640.86059380933,72.0,18913.321183867647
2024-08-13,125,11287.571231077225,142.0,22353.98326524655,55.0,7846.909149698324
2024-08-14,115,17071.063117581645,112.0,15109.84656525314,58.0,9808.12570202683
2024-08-15,79,6376.413291064865,92.0,11961.167694254023,45.0,4223.371298837671
2024-08-16,121,19842.500210418726,86.0,8477.952236144973,80.0,15587.919273111424
2024-08-17,87,1818.7709555423623,39.0,12369.750080902106,128.0,5036.94014775168
2024-08-18,103,5790.089732472534,159.0,5255.401147855892,72.0,5571.628732368322
2024-08-19,99,5079.860618717163,116.0,6474.578901810793,55.0,4176.910449274692
2024-08-20,108,34485.17027466159,44.0,3998.146132208166,119.0,34663.93459172812
2024-08-21,86,29151.001172334374,27.0,11334.83993825386,178.0,52480.09582580863
2024-08-22,108,34112.63494806196,59.0,21001.10730058157,227.0,65591.62347328902
2024-08-23,81,2344.0739760808137,81.0,13162.94708427951,227.0,54772.750365090316
2024-08-24,93,1988.5097266788655,9.0,9000.0,311.0,47761.26009176918
2024-08-25,78,5718.493429831433,3.0,3000.0,386.0,50479.753521600614
2024-08-26,63,4124.580132351125,110.0,17421.61562401392,339.0,37182.71802993782
2024-08-27,128,8000.992571812412,12.0,12000.0,455.0,33183.71060175024
2024-08-28,105,9166.403641213428,189.0,15379.24424794498,371.0,26970.869995018686
2024-08-29,93,2711.767974198422,302.0,21064.086031680203,162.0,8618.551937536904
2024-08-30,112,9867.02186258494,205.0,14146.427427913695,69.0,4339.146372208148
2024-08-31,106,3643.0049293572392,115.0,5559.633184044478,60.0,2422.518117520909
2024-09-01,121,10413.953956157633,109.0,8397.676681193598,72.0,4438.795392484944
2024-09-02,101,14293.602938367323,93.0,11763.969403507135,80.0,6968.428927345132
2024-09-03,84,3385.8412705500764,94.0,7028.966312498272,70.0,3325.303885396937
2024-09-04,106,14754.356666594724,113.0,7831.372440648608,63.0,10248.288111343052
2024-09-05,98,9131.53236688446,45.0,7028.631022430102,116.0,12351.189455797408
2024-09-06,68,15505.634263478978,23.0,4003.495003741571,161.0,23853.328715534815
2024-09-07,91,23475.74772355835,83.0,8167.328624106825,169.0,39161.74781498634
2024-09-08,76,3568.2740036273703,50.0,8772.126517137669,195.0,33957.89530147604
2024-09-09,85,25028.985909972824,53.0,26109.203909396507,227.0,32877.677302052354
2024-09-10,95,27707.49941216977,162.0,21692.788794978514,160.0,38892.387919243614
2024-09-11,72,6478.660292523834,120.0,27385.32300430097,112.0,17985.725207466476
2024-09-12,97,24698.20844765742,7.0,7000.0,202.0,35683.933655123896
2024-09-13,76,3801.815515978658,75.0,10522.060920729871,203.0,28963.68825037268
2024-09-14,71,7842.61279011267,55.0,5223.9619311863125,219.0,31582.33910929904
2024-09-15,61,3476.7676193167176,15.0,4622.173498902837,265.0,30436.93322971292
2024-09-16,88,3499.1623433165164,2.0,2000.0,351.0,31936.095573029434
2024-09-17,61,2215.4721680519942,3.0,3000.0,409.0,31151.567741081428
2024-09-18,81,7808.115549614795,64.0,10428.543126015134,426.0,28531.14016468109
2024-09-19,81,14299.790116094084,438.0,30620.539438222386,69.0,12210.390842552786
2024-09-20,72,6560.750998775184,77.0,12306.74693583932,64.0,6464.394905488651
2024-09-21,80,7283.345627829986,53.0,5148.486812334966,91.0,8599.25372098367
2024-09-22,60,5062.1197389262015,43.0,4464.124193770363,108.0,9197.249266139508
2024-09-23,81,3396.4788488685776,82.0,7519.572018472835,107.0,5074.156096535251
2024-09-24,95,5167.951192250821,146.0,7489.118505508765,56.0,2752.9887832773065
2024-09-25,81,6755.341729305261,89.0,6514.071349400219,48.0,2994.259163182348
2024-09-26,129,33378.18627484979,73.0,7936.315482592545,104.0,28436.129955439592
2024-09-27,115,35221.77626464366,122.0,28662.34765124453,97.0,34995.55856883872
2024-09-28,72,3235.1089009856914,17.0,17000.0,152.0,21230.667469824413
2024-09-29,85,5197.327453821369,63.0,14335.075508593303,174.0,12092.919415052478
2024-09-30,99,13077.819667727075,213.0,17170.986776328133,60.0,7999.752306451421
2024-10-01,96,13976.07229831375,95.0,11050.214995489412,61.0,10925.609609275758
2024-10-02,95,28889.112898079784,102.0,16438.717242375234,54.0,23376.005264980307
2024-10-03,109,49039.41060045662,30.0,11227.834752640432,133.0,61187.5811127965
2024-10-04,113,52403.20689510624,6.0,6000.0,240.0,107590.78800790274
2024-10-05,81,2430.6240802097996,5.0,5000.0,316.0,105021.41208811254
2024-10-06,108,38804.20902022027,47.0,4806.245746324306,377.0,139019.37536200852
2024-10-07,63,3103.986483878161,139.0,62723.60536223122,301.0,79399.75648365545
2024-10-08,75,25599.859332022785,197.0,51633.68452360923,179.0,53365.93129206901
2024-10-09,71,11682.742004619673,23.0,23000.000000000004,227.0,42048.673296688685
2024-10-10,86,4377.831019257471,120.0,7835.753812378388,193.0,38590.75050356777
2024-10-11,69,5660.628690051321,220.0,39607.76157433999,42.0,4643.617619279103
2024-10-12,101,6587.390751549612,93.0,8503.351262968235,50.0,2727.6571078604793
2024-10-13,87,4274.32966782307,83.0,4143.8985140785735,54.0,2858.0882616049757
2024-10-14,105,14776.43242311438,93.0,4922.86915885505,66.0,12711.651525864305
2024-10-15,90,5141.586387286731,101.0,13898.589009698368,55.0,3954.6489034526676
2024-10-16,115,34080.50027271023,93.0,4975.352349488375,77.0,33059.79682667453
2024-10-17,118,53784.37916008575,114.0,35387.21239618268,81.0,51456.9635905776
2024-10-18,114,48943.09388290173,14.0,11017.346139592768,181.0,89382.71133388657
2024-10-19,79,3992.682458973658,26.0,26000.0,234.0,67375.39379286024
2024-10-20,80,904.9831844891164,10.0,10000.0,304.0,58280.376977349355
2024-10-21,95,4606.721211218828,64.0,22933.394037276183,335.0,39953.704151292
2024-10-22,91,11112.355255980568,139.0,32711.68067156281,287.0,18354.378735709754
2024-10-23,94,5218.771150107973,321.0,20539.36096143677,60.0,3033.788924380955
2024-10-24,145,19972.23104635561,109.0,5387.6471898156,96.0,17618.372780920967
2024-10-25,116,11689.362211364349,127.0,22405.01495250125,85.0,6902.720039784066
2024-10-26,125,12803.607950940166,140.0,16773.281995792542,70.0,2933.04599493169
2024-10-27,134,12908.225242602923,123.0,6700.019649756847,81.0,9141.251587777766
2024-10-28,134,25654.833921217254,132.0,16500.295928872103,83.0,18295.789580122917
2024-10-29,128,5476.725157870411,49.0,7222.523135693534,162.0,16549.991602299793
2024-10-30,75,4392.122428073233,11.0,7338.212422887547,226.0,13603.901607485479
2024-10-31,88,6184.908771382142,257.0,15152.375619619566,57.0,4636.4347592480535
2024-11-01,168,9124.792967514064,127.0,5813.64844178913,98.0,7947.579284972988
2024-11-02,92,4343.089288026073,50.0,3710.589804520367,140.0,8580.078768478694
2024-11-03,103,6320.152189339204,121.0,7976.765167429459,122.0,6923.465790388438
2024-11-04,105,6524.300237414962,78.0,5554.896341853584,149.0,7892.869685949816
2024-11-05,89,13094.923264098046,154.0,8483.318856172424,84.0,12504.474093875438
2024-11-06,115,8256.235223980904,88.0,13525.524104380747,111.0,7235.185213475595
2024-11-07,142,13063.256461957766,178.0,12926.169558585398,75.0,7372.272116847964
2024-11-08,178,27987.814339563458,148.0,13985.159552597124,105.0,21374.926903814296
2024-11-09,171,13830.620596070361,175.0,25353.16038880696,101.0,9852.387111077698
2024-11-10,211,9230.211732693273,144.0,11798.4990984775,168.0,7284.099745293472
2024-11-11,225,15541.355484544387,209.0,9414.004062363112,184.0,13411.451167474746
2024-11-12,237,15414.936136218023,253.0,19131.94974876589,168.0,9694.43755492688
2024-11-13,196,32755.99720742114,191.0,12740.219408741114,173.0,29710.21535360691
2024-11-14,143,5738.836119403668,34.0,11733.719972728124,282.0,23715.331500282453
2024-11-15,145,9607.156713594779,94.0,12568.634240591322,333.0,20753.85397328591
2024-11-16,189,13392.977617533079,4.0,4000.0,518.0,30146.83159081899
2024-11-17,171,9988.155255358293,287.0,14588.323453632294,402.0,25546.66339254499
2024-11-18,181,16832.29349205559,316.0,18685.98743485293,267.0,23692.96944974765
2024-11-19,165,24030.044957762602,208.0,21015.333365018287,224.0,26707.681042491964
2024-11-20,209,24099.637450068018,280.0,32185.73574015332,153.0,18621.582752406663
2024-11-21,223,15849.88641175023,132.0,17559.31677268887,244.0,16912.152391468022
2024-11-22,276,26730.883939901978,330.0,32898.81141717062,190.0,10744.224914199382
2024-11-23,239,13701.131225008807,266.0,11876.009261259014,163.0,12569.346877949174
2024-11-24,236,8288.120983351935,241.0,15582.547769468025,158.0,5274.920091833084
2024-11-25,196,14940.585136792724,229.0,11169.457480312263,125.0,9046.047748313546
2024-11-26,139,9122.196101449468,150.0,11744.04209896006,114.0,6424.201750802953
2024-11-27,152,7750.074891954819,158.0,8638.719099727487,108.0,5535.557543030285
2024-11-28,164,10645.442880610712,170.0,9452.096077210965,102.0,6728.904346430032
2024-11-29,152,7323.760892248702,123.0,10755.549670475368,131.0,3297.115568203366
2024-11-30,172,9750.35990686951,191.0,5314.501106682448,112.0,7732.974368390427
2024-12-01,180,15717.698426004546,138.0,11504.712545086904,154.0,11945.96024930807
2024-12-02,144,11735.89436251252,201.0,14582.430623827957,97.0,9099.423987992632
2024-12-03,134,16486.993280784467,138.0,11520.165795115014,93.0,14066.251473662085
2024-12-04,166,16764.439812900186,154.0,16529.489723279316,105.0,14301.201563282955
2024-12-05,227,25273.872522841044,178.0,20049.136448812784,154.0,19525.937637311217
2024-12-06,192,23710.566889710582,171.0,20895.86160026882,175.0,22340.64292675298
2024-12-07,177,7704.249478612925,93.0,10777.018497138784,259.0,19267.87390822712
2024-12-08,188,4931.653951740828,62.0,6439.364790111591,385.0,17760.163069856357
2024-12-09,107,12612.983928944497,21.0,5133.197994174667,471.0,25239.949004626185
2024-12-10,124,51228.367458307715,142.0,6257.800195183746,453.0,70210.51626775015
2024-12-11,91,6685.186086520568,244.0,8896.841288398813,300.0,67998.86106587191
2024-12-12,117,14973.260447838427,110.0,19929.681490387957,307.0,63042.440023322386
2024-12-13,108,7000.561281093415,58.0,21512.201307899995,357.0,48530.79999651581
2024-12-14,145,9047.3610362711,8.0,5815.46400326338,494.0,51762.69702952353
2024-12-15,157,7561.594966939679,13.0,7857.386836974139,638.0,51466.90515948907
2024-12-16,243,77591.39444772128,188.0,22603.96049208204,693.0,106454.3391151283
2024-12-17,185,37917.84330929072,157.0,12744.693433899209,721.0,131627.4889905198
2024-12-18,132,23172.526951218264,147.0,10845.693619880902,706.0,143954.32232185718
2024-12-19,94,7192.210157080195,0.0,0.0,800.0,151146.53247893738
2024-12-20,83,4428.4081137383655,10.0,10000.0,873.0,145574.94059267576
2024-12-21,125,20271.702403676118,40.0,40000.0,958.0,125846.64299635187
2024-12-22,141,11742.937616837822,407.0,72842.75845979288,692.0,64746.82215339682
2024-12-23,110,20401.586091199366,323.0,38711.37098633064,479.0,46437.03725826554
2024-12-24,113,22772.632639897198,167.0,13465.99143688659,425.0,55743.67846127615
2024-12-25,129,24958.7076029796,187.0,34156.30988246246,367.0,46546.07618179329
2024-12-26,152,23911.57974991903,222.0,42567.34632904279,297.0,27890.309602669528
2024-12-27,129,15846.557520811046,96.0,15942.322830976454,330.0,27794.54429250412
2024-12-28,108,14204.69299499248,45.0,7867.365633345719,393.0,34131.871654150884
2024-12-29,143,14679.96711530234,148.0,15504.35410102969,388.0,33307.48466842353
2024-12-30,171,82313.4847177719,75.0,9225.069360719275,484.0,106395.90002547615
2024-12-31,96,27271.58716791824,252.0,70017.96848392121,328.0,63649.518709473174
2025-01-01,65,4530.787914399938,20.0,17854.67129817162,373.0,50325.63532570149
2025-01-02,103,4694.626312298874,38.0,9439.142913064405,438.0,45581.118724935965
2025-01-03,115,20288.811031540015,21.0,9817.45276800947,532.0,56052.47698846651
2025-01-04,97,4431.58712320741,48.0,15577.158847511671,581.0,44906.90526416225
2025-01-05,82,5411.576336870267,36.0,4132.893129639602,627.0,46185.58847139291
2025-01-06,86,9064.278125565084,159.0,8872.818306879864,554.0,46377.048290078135
2025-01-07,84,5434.232854937153,4.0,4000.0,634.0,47811.28114501529
2025-01-08,72,3546.8068288989402,60.0,8533.098290157377,646.0,42824.98968375685
2025-01-09,126,25440.851990321185,470.0,33340.62368368116,302.0,34925.21799039688
2025-01-10,89,13353.878347816322,113.0,24191.173049754783,278.0,24087.92328845842
2025-01-11,121,16685.716786738827,116.0,16716.209606324082,283.0,24057.430468873165
2025-01-12,101,6496.734914021035,35.0,3136.974278689355,349.0,27417.191104204845
2025-01-13,100,18380.545601186175,33.0,9666.246441237192,416.0,36131.49026415383
2025-01-14,110,11041.004855404839,185.0,14652.547029545623,341.0,32519.948090013044
2025-01-15,123,32946.18501762661,18.0,4704.411911884884,446.0,60761.72119575477
2025-01-16,99,4571.5242051838395,85.0,10072.489337449972,460.0,55260.75606348864
2025-01-17,120,5814.865953356681,18.0,5712.167486274698,562.0,55363.45453057062
2025-01-18,144,20656.222459859007,70.0,24297.46882313429,636.0,51722.208167295335
2025-01-19,182,27931.4951424597,313.0,25535.98938792846,505.0,54117.71392182657
2025-01-20,127,18549.749571769244,107.0,12378.259412936024,525.0,60289.204080659794
2025-01-21,104,11242.241783864105,101.0,11030.293466706771,528.0,60501.15239781713
2025-01-22,177,21148.06360640805,182.0,30121.634165351967,523.0,51527.581838873215
2025-01-23,150,47787.185235816025,122.0,17387.964637560362,551.0,81926.80243712888
2025-01-24,125,23214.987448203603,93.0,11438.510844600823,583.0,93703.27904073166
2025-01-25,137,16949.94434466585,74.0,10474.594381375851,646.0,100178.62900402167
2025-01-26,118,10794.567412035212,97.0,13018.771678775818,667.0,97954.42473728106
2025-01-27,89,10921.160966993,31.0,11440.186575179989,725.0,97435.39912909408
2025-01-28,130,12840.693691709672,203.0,49335.08824693268,652.0,60941.00457387106
2025-01-29,113,17407.48274126216,290.0,29597.418302891056,475.0,48751.069012242166
2025-01-30,125,16513.23969283426,57.0,9123.632519816732,543.0,56140.6761852597
2025-01-31,121,12445.773781003654,93.0,11388.902263046935,571.0,57197.54770321642
2025-02-01,114,11403.385795479304,166.0,23159.546440250608,519.0,45441.387058445114
2025-02-02,110,16537.125378470675,77.0,11140.693770318125,552.0,50837.81866659767
2025-02-03,144,37829.622534996175,247.0,23536.34491314405,449.0,65131.09628844979
2025-02-04,162,44150.12334675308,113.0,12754.95650581174,498.0,96526.26312939113
2025-02-05,190,48691.22998445908,115.0,32648.575371437302,573.0,112568.9177424129
2025-02-06,95,8535.876560614166,140.0,35487.14750416223,528.0,85617.64679886484
2025-02-07,139,30326.739876445754,115.0,26413.64632333871,552.0,89530.74035197188
2025-02-08,105,11676.438599683182,26.0,8738.173395015798,631.0,92469.00555663927
2025-02-09,136,10313.515215582558,88.0,13119.337835398585,679.0,89663.18293682324
2025-02-10,119,10831.821765677802,111.0,26599.067868837585,687.0,73895.93683366347
2025-02-11,75,6216.574874604558,43.0,12127.607986675464,719.0,67984.90372159256
2025-02-12,147,26931.907942771704,485.0,56166.24864587442,381.0,38750.56301848985
2025-02-13,95,5867.59462587302,123.0,15736.611543356516,353.0,28881.54610100635
2025-02-14,98,9458.519188604332,123.0,16615.76071966852,328.0,21724.304569942164
2025-02-15,115,14749.39525872334,192.0,20940.123407190677,251.0,15533.576421474827
2025-02-16,113,13989.059371410183,100.0,10076.532381263089,264.0,19446.103411621923
2025-02-17,104,11486.537602208451,126.0,16827.02685332602,242.0,14105.614160504354
2025-02-18,116,23298.691651203142,93.0,10959.144643849046,265.0,26445.161167858452
2025-02-19,93,4495.542121786434,103.0,17698.364306825835,255.0,13242.338982819052
2025-02-20,79,5799.56674718936,101.0,4562.23814716264,233.0,14479.667582845772
2025-02-21,137,27595.88887951698,79.0,7610.574567443497,291.0,34464.981894919256
2025-02-22,82,8474.241234118828,43.0,3310.151454857899,330.0,39629.07167418019
2025-02-23,114,6031.221563626735,24.0,6633.307402475408,420.0,39026.985835331514
2025-02-24,111,13275.70682205171,12.0,7615.509319232234,519.0,44687.18333815099
2025-02-25,120,21495.05547063117,114.0,15885.191144123346,525.0,50297.04766465882
2025-02-26,79,11363.791286866903,145.0,10728.80949573722,459.0,50932.029455788506
2025-02-27,90,12978.590911382205,80.0,8562.264866366648,469.0,55348.355500804064
2025-02-28,135,27056.29646869286,84.0,15739.292007477274,520.0,66665.35996201965
2025-03-01,94,13192.519402121166,57.0,7155.077705779232,557.0,72702.80165836158
2025-03-02,121,17540.82637506383,249.0,47414.37386495856,429.0,42829.254168466854
2025-03-03,145,29646.426158083672,74.0,8612.95124777001,500.0,63862.72907878052
2025-03-04,116,19007.187528824845,93.0,14371.641058598325,523.0,68498.27554900704
2025-03-05,103,14697.130610509745,124.0,14992.141719538116,502.0,68203.26443997867
2025-03-06,134,27621.74150856851,194.0,41754.32355524572,442.0,54070.68239330145
2025-03-07,110,24242.735758943454,221.0,39257.17428468886,331.0,39056.24386755605
2025-03-08,88,13096.436610962852,96.0,14432.436534292729,323.0,37720.24394422617
2025-03-09,106,15756.03932788835,100.0,23454.815221123867,329.0,30021.46805099065
2025-03-10,152,24686.481869283165,144.0,20041.39649849508,337.0,34666.553421778735
2025-03-11,177,38301.18925107459,156.0,27136.557102270832,358.0,45831.18557058249
2025-03-12,134,11219.389942497344,79.0,11428.6543819713,413.0,45621.92113110854
2025-03-13,108,24019.804389788933,44.0,16311.733702639583,477.0,53329.991818257884
2025-03-14,65,3394.4774430349207,9.0,3915.755470264616,533.0,52808.71379102819
2025-03-15,112,29816.341988107437,215.0,27541.420583950923,430.0,55083.6351951847
2025-03-16,97,11663.037693271694,147.0,19047.458040913614,380.0,47699.21484754278
2025-03-17,76,8103.773279914586,8.0,8000.0,448.0,47802.98812745737
2025-03-18,117,24172.992105881458,295.0,41927.05511914594,270.0,30048.92511419289
2025-03-19,113,12086.016030813527,113.0,23520.316761830767,270.0,18614.62438317565
2025-03-20,136,14243.622991918415,139.0,14408.049197802506,267.0,18450.19817729156
2025-03-21,88,7561.374903882255,111.0,11458.98749711704,244.0,14552.585584056776
2025-03-22,79,3443.133574363671,86.0,5875.878521126432,237.0,12119.840637294015
2025-03-23,86,4298.09386444329,87.0,4127.499872573958,236.0,12290.434629163348
2025-03-24,89,8458.205393441003,82.0,7039.691297479511,243.0,13708.94872512484
2025-03-25,103,5176.859555366058,102.0,7773.468069073675,244.0,11112.340211417222
2025-03-26,93,11170.672709987812,80.0,5450.14141108503,257.0,16832.871510320005
2025-03-27,90,4646.263482662419,108.0,9337.772159914515,239.0,12141.36283306791
2025-03-28,78,8525.311569088406,82.0,4013.691346384721,235.0,16652.983055771594
2025-03-29,73,5548.119167958638,78.0,7907.403475583491,230.0,14293.69874814674
2025-03-30,98,9423.215401881263,72.0,5125.71493006693,256.0,18591.199219961076
2025-03-31,96,9708.693626862154,104.0,13321.02399597666,248.0,14978.86885084657
2025-04-01,80,15044.042523163387,43.0,4084.403045070708,285.0,25938.50832893925
2025-04-02,82,16096.626339369386,34.0,3961.570233463197,333.0,38073.56443484544
2025-04-03,96,17018.42361586114,45.0,9014.959066205738,384.0,46077.02898450084
2025-04-04,79,7191.036148331673,30.0,6443.731810197791,433.0,46824.33332263472
2025-04-05,58,5954.705487527492,30.0,7902.3424645519535,461.0,44876.69634561025
2025-04-06,94,8804.08521537959,54.0,7465.823333454339,501.0,46214.958227535506
2025-04-07,198,48860.61327734772,187.0,22697.10303780597,512.0,72378.46846707725
2025-04-08,130,23920.084652538644,241.0,28711.613198159263,401.0,67586.93992145664
2025-04-09,132,24406.150690963812,17.0,8107.192040978321,516.0,83885.89857144213
2025-04-10,89,12850.425478853129,21.0,5829.5925576336695,584.0,90906.7314926616
2025-04-11,111,20482.458760864236,150.0,37172.73897957247,545.0,74216.45127395337
2025-04-12,106,33808.455084840054,315.0,53809.12786573706,336.0,54215.778493056365
2025-04-13,81,11993.291004728151,95.0,22774.58051031741,322.0,43434.488987467106
2025-04-14,86,5249.389820871373,7.0,7000.0,401.0,41683.87880833848
2025-04-15,106,16861.421782001275,45.0,14122.321463235468,462.0,44422.979127104285
2025-04-16,101,18753.62477052648,55.0,5963.608807894701,508.0,57212.99508973606
2025-04-17,76,11030.044321457679,119.0,12397.952217700396,465.0,55845.087193493346
2025-04-18,84,9987.107956986265,61.0,8414.298222282132,488.0,57417.89692819748
2025-04-19,62,7383.379823173609,64.0,16301.441808835518,486.0,48499.83494253557
2025-04-20,58,6735.425462027104,40.0,7307.52668463565,504.0,47927.733719927026
2025-04-21,96,11386.216503286885,157.0,16081.518782952771,443.0,43232.43144026114
2025-04-22,133,14675.839436907798,195.0,22905.91615084073,381.0,35002.35472632821
2025-04-23,143,27476.05649478429,76.0,11098.090776741465,448.0,51380.320444371035
2025-04-24,87,15012.81496793915,47.0,4941.560319544667,488.0,61451.57509276552
2025-04-25,113,15604.807571898198,92.0,10284.370590076704,509.0,66772.01207458701
2025-04-26,83,5035.442674570238,23.0,5942.159435413983,569.0,65865.29531374326
2025-04-27,67,8139.396258997954,11.0,4206.122401043373,625.0,69798.56917169785
2025-04-28,68,13201.911340209934,39.0,10318.5420529236,654.0,72681.93845898418
2025-04-29,88,1595.068484958018,2.0,1063.491596181439,740.0,73213.51534776075
2025-04-30,83,9274.567075924751,100.0,14824.913597451456,723.0,67663.16882623405
2025-05-01,122,41308.85038219616,327.0,37631.2200663257,518.0,71340.7991421045
2025-05-02,87,13281.161209289718,65.0,9930.837700225278,540.0,74691.12265116895
2025-05-03,65,664.9627315924871,75.0,3625.4749610925783,530.0,71730.61042166885
2025-05-04,95,8191.800816440567,103.0,17534.35746669083,522.0,62388.05377141859
2025-05-05,68,1899.908736311941,3.0,3000.0,587.0,61287.96250773053
2025-05-06,78,9820.625858851086,18.0,13007.661143979823,647.0,58100.92722260179
2025-05-07,91,6763.033447365763,20.0,3712.107281524896,718.0,61151.85338844266
2025-05-08,104,12602.837700750564,37.0,7725.768821915381,785.0,66028.92226727784
2025-05-09,304,150169.84033687742,145.0,17118.62816245661,944.0,199080.13444169864
2025-05-10,113,8358.202696175773,435.0,38130.14417125248,622.0,169308.19296662192
2025-05-11,107,5044.303187231599,161.0,20922.02298464358,568.0,153430.47316920993
2025-05-12,131,7169.689812772906,10.0,10000.0,689.0,150600.16298198284
2025-05-13,120,9527.750037356876,19.0,19000.000000000004,790.0,141127.9130193397
2025-05-14,108,9445.931905457548,6.0,6000.0,892.0,144573.84492479725
2025-05-15,70,4636.7672315882,11.0,11000.0,951.0,138210.61215638544
2025-05-16,92,4688.892584535648,13.0,13000.0,1030.0,129899.50474092108
2025-05-17,64,601.1806162453579,8.0,8000.0,1086.0,122500.68535716644
2025-05-18,66,2295.023029678479,1.0,1000.0,1151.0,123795.70838684491
2025-05-19,86,13395.703741760562,47.0,47000.0,1190.0,90191.41212860547
2025-05-20,91,13945.067318751244,755.0,60617.28972738775,526.0,43519.18971996896
2025-05-21,109,25371.796298907986,103.0,4355.593773926331,532.0,64535.39224495062
2025-05-22,123,13254.231119638722,136.0,13651.81991485936,519.0,64137.80344972998
2025-05-23,105,6795.129616664409,130.0,20401.68317646824,494.0,50531.249889926155
2025-05-24,73,2981.488563449673,41.0,9324.186557416711,526.0,44188.55189595911
2025-05-25,68,1223.3753986545623,4.0,4000.0,590.0,41411.92729461368
2025-05-26,84,6301.043682099566,4.0,4000.0,670.0,43712.970976713244
2025-05-27,73,2606.29278510461,2.0,2000.0,741.0,44319.263761817856
2025-05-28,73,5234.212891677198,77.0,4844.811102359513,737.0,44708.66555113554
2025-05-29,111,23478.42444823361,243.0,18098.844547719375,605.0,50088.24545164978
2025-05-30,77,9200.010551537614,175.0,9524.819039379665,507.0,49763.43696380773
2025-05-31,71,4248.563548405023,170.0,13284.081285334774,408.0,40727.91922687798
2025-06-01,71,6928.480017674265,34.0,13957.771939918195,445.0,33698.62730463405
2025-06-02,57,1431.4357875390604,41.0,2475.8048041683483,461.0,32654.258288004763
2025-06-03,79,11344.583952051027,199.0,18684.38818678983,341.0,25314.45405326596
2025-06-04,71,5565.386991128231,139.0,12549.736332231989,273.0,18330.104712162203
2025-06-05,83,5274.887647137531,58.0,5195.605520386063,298.0,18409.38683891367
2025-06-06,82,17171.750443438294,121.0,10016.274555517532,259.0,25564.86272683443
2025-06-07,72,5854.228861682769,98.0,18226.355002225097,233.0,13192.736586292103
2025-06-08,69,2842.263554164196,73.0,4569.365372779182,229.0,11465.634767677118
2025-06-09,79,4596.502492739516,71.0,2500.582824982559,237.0,13561.554435434075
2025-06-10,109,3393.619656489389,100.0,4461.150937621223,246.0,12494.02315430224
2025-06-11,136,37847.97897949049,101.0,5026.569544457805,281.0,45315.432589334916
2025-06-12,63,3973.532486147913,46.0,8445.010826726442,298.0,40843.95424875639
2025-06-13,71,5714.6167259146105,135.0,33022.30191945164,234.0,13536.26905521936
2025-06-14,64,5751.321093777527,72.0,5926.2645829385965,226.0,13361.32556605829
2025-06-15,83,1871.6006042577233,40.0,3309.9155297184484,269.0,11923.010640597566
2025-06-16,85,3369.964085155314,117.0,2699.6949153555483,237.0,12593.279810397331
2025-06-17,89,4143.057424378845,83.0,4006.2509098945993,243.0,12730.086324881577
2025-06-18,85,4681.769694691011,90.0,4023.130459250074,238.0,13388.725560322513
2025-06-19,83,4438.452571311353,86.0,4073.642609587411,235.0,13753.535522046455
2025-06-20,63,5735.081247581838,51.0,4017.623539718334,247.0,15470.99322990996
2025-06-21,135,91059.01144365426,85.0,8867.637039724992,297.0,97662.36763383924
2025-06-22,64,3527.182030112358,44.0,21253.175516576463,317.0,79936.37414737514
2025-06-23,354,5409.189213246084,11.0,11000.0,660.0,74345.56336062122
2025-06-24,48,926.7513921143577,11.0,11000.0,697.0,64272.314752735576
2025-06-25,72,14811.956738405941,11.0,11000.0,758.0,68084.27149114152
2025-06-26,80,8280.126370754499,89.0,34955.25013812734,749.0,41409.147723768685
2025-06-27,71,4323.835471302378,452.0,14797.917546043363,368.0,30935.0656490277
2025-06-28,65,3551.34956708348,56.0,11074.372816302342,377.0,23412.042399808837
2025-06-29,91,7157.480785229003,164.0,13323.821011698046,304.0,17245.702173339792
2025-06-30,97,6662.673425796305,122.0,7814.74005545544,279.0,16093.635543680659
2025-07-01,99,5021.177176085946,137.0,7311.642085504076,241.0,13803.17063426253
2025-07-02,86,3982.174425589503,77.0,4829.513104226275,250.0,12955.831955625757
2025-07-03,101,17572.088301701824,102.0,5091.320116877391,249.0,25436.600140450188
2025-07-04,88,2932.8798929024665,31.0,3058.8756844703557,306.0,25310.604348882298
2025-07-05,50,929.5925938650122,13.0,7642.030641967904,343.0,18598.166300779405
2025-07-06,68,2249.398778915323,86.0,7286.604219722513,325.0,13560.960859972214
2025-07-07,91,6795.113009593961,176.0,8727.148702307404,240.0,11628.92516725877
2025-07-08,102,5564.491765937155,106.0,4729.72060343953,236.0,12463.696329756396
2025-07-09,97,7147.7739331974235,60.0,3271.5541196096783,273.0,16339.91614334414
2025-07-10,150,8131.992791292336,81.0,5471.827430115946,342.0,19000.08150452053
2025-07-11,193,8502.32474985058,92.0,7408.651466331254,443.0,20093.754788039856
2025-07-12,108,14984.567305516595,82.0,2629.1543902380376,469.0,32449.167703318413
2025-07-13,116,12161.512414620383,79.0,3146.735364395029,506.0,41463.944753543765
2025-07-14,139,5091.944768715673,31.0,3025.762156764755,614.0,43530.127365494685
2025-07-15,106,4110.773062842476,180.0,16765.939242125944,540.0,30874.961186211218
2025-07-16,258,57174.96807147652,77.0,10876.237983176998,721.0,77173.69127451074
2025-07-17,239,28693.13132219347,238.0,8992.354123893108,722.0,96874.4684728111
2025-07-18,431,110234.95696155018,101.0,12910.566601277184,1052.0,194198.85883308412
2025-07-19,200,30674.969590390192,8.0,8000.0,1244.0,216873.8284234743
2025-07-20,261,15843.309422217375,9.0,9000.0,1496.0,223717.13784569167
2025-07-21,324,22824.924205337935,9.0,8020.0,1811.0,238522.0620510296
2025-07-22,197,22763.967853120455,77.0,16027.769681844433,1931.0,245258.26022230563
2025-07-23,179,12994.023980165171,89.0,4001.158231163302,2021.0,254251.1259713075
2025-07-24,183,35562.50609474552,402.0,57277.34034749037,1802.0,232536.29171856266
2025-07-25,129,9141.555284158136,93.0,45391.16599032139,1838.0,196286.6810123994
2025-07-26,125,7329.712751843956,114.0,21766.463284873906,1849.0,181849.93047936945
2025-07-27,176,4640.502649789904,223.0,35377.07569194057,1802.0,151113.35743721877
2025-07-28,188,6750.824719043385,9.0,1928.076622634337,1981.0,155936.10553362782
2025-07-29,169,8387.984931552819,153.0,19333.78666503024,1997.0,144990.3038001504
2025-07-30,116,12934.870247411613,125.0,3980.893942087384,1988.0,153944.28010547464
2025-07-31,75,7839.43988092152,156.0,6992.336993907864,1907.0,154791.3829924883
2025-08-01,141,20596.034700565724,236.0,22934.335590741117,1812.0,152453.0821023129
2025-08-02,105,8727.163779980487,10.0,2567.135517721209,1907.0,158613.11036457217
2025-08-03,100,11833.793610359493,439.0,58182.5195480967,1568.0,112264.38442683496
2025-08-04,134,22265.126402081558,516.0,27439.480479890663,1186.0,107090.03034902585
2025-08-05,106,7476.660469197577,203.0,5702.628006969673,1089.0,108864.06281125375
2025-08-06,92,5066.520619994859,205.0,16490.143628844282,976.0,97440.43980240433
2025-08-07,120,10683.302669955985,49.0,8176.617283592941,1047.0,99947.12518876737
2025-08-08,183,17204.476943060454,74.0,6177.955964659391,1156.0,110973.64616716844
2025-08-09,303,26349.677578233546,4.0,4000.0,1455.0,133323.32374540198
2025-08-10,204,7286.777296216604,66.0,2828.230621411933,1593.0,137781.87042020666
2025-08-11,232,10214.992537780654,5.0,1167.7602979102144,1820.0,146829.1026600771
2025-08-12,276,17052.979674065642,92.0,17343.011562205716,2004.0,146539.07077193703
2025-08-13,520,62644.72895460978,325.0,35941.731705024664,2199.0,173242.06802152214
2025-08-14,293,16813.75891168567,138.0,8762.842379932685,2354.0,181292.9845532751
2025-08-15,235,43995.00268601708,214.0,16699.30453370224,2375.0,208588.68270558995
2025-08-16,146,4381.935285724694,43.0,8141.981218784308,2478.0,204828.63677253033
2025-08-17,192,9116.561604820357,221.0,18633.242171077185,2449.0,195311.9562062735
2025-08-18,131,11981.577715727512,59.0,2063.4446875205736,2521.0,205230.08923448043
2025-08-19,124,17612.55696306059,2.0,2000.0,2643.0,220842.64619754103
2025-08-20,121,6603.258908818187,10.0,3428.21714126789,2754.0,224017.68796509132
2025-08-21,106,3861.71429786366,70.0,5469.245036385866,2790.0,222410.1572265691
2025-08-22,204,12057.836701366297,967.0,45489.8253364619,2027.0,188978.16859147348
2025-08-23,223,13609.95393387122,122.0,26014.597918854703,2128.0,176573.52460649
2025-08-24,208,8405.436827455847,4.0,4000.0,2332.0,180978.96143394586
2025-08-25,207,9875.090962568518,13.0,12419.375846696394,2526.0,178434.676549818
2025-08-26,204,30347.302806993266,53.0,7349.089710141885,2677.0,201432.88964666938
2025-08-27,150,10243.426930764963,166.0,5130.314790089614,2661.0,206546.00178734472
2025-08-28,120,8574.414699406356,16.0,2872.321274332397,2765.0,212248.09521241867
2025-08-29,142,2152.266877878314,40.0,2132.921218317914,2867.0,212267.44087197908
2025-08-30,117,6219.341543040795,74.0,1657.8322589867298,2910.0,216828.95015603316
2025-08-31,135,11275.559804812057,304.0,38152.74608181129,2741.0,189951.7638790339
2025-09-01,118,12914.700130819569,525.0,43225.14367078034,2334.0,159641.32033907314
2025-09-02,136,29090.260740688136,7.0,7000.0,2463.0,181731.58107976126
2025-09-03,147,16066.29519853802,378.0,19243.84098087692,2232.0,178554.03529742238
2025-09-04,84,4965.879478365686,42.0,1930.220450896417,2274.0,181589.69432489164
2025-09-05,103,5458.339402100849,280.0,20271.841207300244,2097.0,166776.19251969224
2025-09-06,85,5915.117119366618,188.0,8101.933942322295,1994.0,164589.37569673656
2025-09-07,96,2374.5630237317064,117.0,3002.621149542425,1973.0,163961.31757092584
2025-09-08,111,8072.351293805668,86.0,6712.078195095694,1998.0,165321.5906696358
2025-09-09,110,5253.9594518298245,103.0,6461.25567926536,2005.0,164114.29444220028
2025-09-10,168,20670.35542660001,367.0,40256.37809825009,1806.0,144528.2717705502
2025-09-11,168,8682.612379872471,409.0,18445.348179966182,1565.0,134765.5359704565
2025-09-12,177,7722.282187721927,77.0,6500.4976213850405,1665.0,135987.32053679338
2025-09-13,204,9574.73415350115,55.0,8416.579218542873,1814.0,137145.47547175165
2025-09-14,190,10213.449432093514,77.0,6757.026527113103,1927.0,140601.89837673205
2025-09-15,162,6642.705599238947,6.0,6000.0,2083.0,141244.603975971
2025-09-16,152,16253.641882125949,2.0,2000.0,2233.0,155498.24585809695
2025-09-17,143,5019.524730795451,30.0,4794.575168288342,2346.0,155723.19542060405
2025-09-18,149,14836.410301872698,34.0,1720.999042281195,2461.0,168838.60668019555
2025-09-19,120,11683.045863079455,244.0,30929.85188837273,2337.0,149591.80065490227
2025-09-20,117,2857.5449921264603,476.0,26539.97085311285,1978.0,125909.37479391588
2025-09-21,116,2083.4347238437035,57.0,2644.24133911388,2037.0,125348.5681786457
2025-09-22,117,5019.009792797419,77.0,14646.024000341404,2077.0,115721.55397110172
2025-09-23,86,7161.413616061883,162.0,8028.544286904762,2001.0,114854.42330025884
2025-09-24,102,3747.2187324945353,33.0,3108.544538026477,2070.0,115493.0974947269
2025-09-25,106,15236.181945231376,24.0,2108.7097029279757,2152.0,128620.5697370303
2025-09-26,134,19496.09256911307,210.0,8819.171356367484,2076.0,139297.49094977588
2025-09-27,121,21437.534725288166,1868.0,126405.84352989006,329.0,34329.18214517398
2025-09-28,177,25153.445023259505,219.0,32659.86418861293,287.0,26822.762979820556
2025-09-29,153,15062.10864255327,166.0,24496.321737487877,274.0,17388.54988488595
2025-09-30,177,15461.455054790056,156.0,11736.520655814436,295.0,21113.48428386157
2025-10-01,165,6433.750333362952,103.0,10480.342125516874,357.0,17066.892491707647
2025-10-02,162,8198.798162439549,101.0,5377.564961128529,418.0,19888.12569301867
2025-10-03,132,11819.763477779876,141.0,4109.691347855436,409.0,27598.197822943108
2025-10-04,162,2253.0079583748525,45.0,3604.967803484994,526.0,26246.237977832967
2025-10-05,152,3075.3989463711846,44.0,2127.782315457374,634.0,27193.854608746777
2025-10-06,162,8070.073036135441,66.0,2775.0707580399085,730.0,32488.85688684231
2025-10-07,151,5131.968986123626,20.0,6404.546151334374,861.0,31216.27972163156
2025-10-08,148,4681.660702975628,125.0,4069.7028981072895,884.0,31828.2375264999
2025-10-09,163,23334.602828426505,746.0,25705.5270426486,301.0,29457.313312277805
2025-10-10,159,17163.89057165237,185.0,23474.54787962268,275.0,23146.656004307493
2025-10-11,192,20324.797894527692,159.0,21175.4088988692,308.0,22296.044999965987
2025-10-12,220,20783.47014822496,168.0,17740.831253112134,360.0,25338.68389507881
2025-10-13,181,22639.445949670884,123.0,13376.433101455405,418.0,34601.69674329429
2025-10-14,85,5608.714721836189,87.0,5336.61818542027,416.0,34873.79327971021
2025-10-15,98,4289.14017979785,51.0,6557.429886924149,463.0,32605.50357258391
2025-10-16,110,4857.337645956465,6.0,4865.344159028451,567.0,32597.497059511927
2025-10-17,84,3372.0284972430995,10.0,5436.644372361117,641.0,30532.881184393907
2025-10-18,117,8195.481933588268,99.0,3027.7627897088105,659.0,35700.600328273365
2025-10-19,104,2695.9512636159757,35.0,3143.2105846113022,728.0,35253.34100727804
2025-10-20,84,1685.2702886277964,46.0,3499.087179181169,766.0,33439.524116724664
2025-10-21,132,15184.27358724002,583.0,23909.527797216902,315.0,24714.26990674778
2025-10-22,83,10350.483752879813,57.0,6537.828828150257,341.0,28526.924831477336
2025-10-23,68,8137.087146044803,66.0,4995.297798314574,343.0,31668.714179207564
2025-10-24,168,44643.48046308658,246.0,50639.49765281208,265.0,25672.696989482058
2025-10-25,80,2632.143653730562,37.0,4925.517393910227,308.0,23379.323249302393
2025-10-26,106,14827.607208033387,28.0,8986.600813845902,386.0,29220.32964348988
2025-10-27,144,18840.357036499972,250.0,19923.755610789867,280.0,28136.931069199985
2025-10-28,88,3748.1951426959704,75.0,7269.051155273287,293.0,24616.07505662267
2025-10-29,93,13920.667761807093,2.0,1985.0,384.0,36551.74281842976
2025-10-30,69,1358.7650291446764,4.0,3975.000000000001,449.0,33935.50784757444
2025-10-31,71,5454.8733775960945,183.0,14696.31517108629,337.0,24694.066054084244
2025-11-01,64,1604.6495256596431,5.0,4008.0809263265214,396.0,22290.634653417364
2025-11-02,80,2190.508398376103,2.0,2000.0,474.0,22481.143051793468
2025-11-03,92,5250.168845717874,203.0,10309.470481146192,363.0,17421.84141636515
2025-11-04,135,14556.230449819906,132.0,5617.493705165939,366.0,26360.57816101912
2025-11-05,134,24070.579547596484,110.0,5729.927406221098,390.0,44701.230302394506
2025-11-06,136,20913.339287692386,201.0,30681.70901423835,325.0,34932.86057584854
2025-11-07,403,8702.294424170133,114.0,19406.679703004444,614.0,24228.475297014233
2025-11-08,94,7861.980276958535,371.0,8460.864531680874,337.0,23629.591042291893
2025-11-09,84,4254.1184414513,7.0,2414.2951546313884,414.0,25469.414329111805
2025-11-10,365,3934.4917107638053,22.0,2550.890739377116,757.0,26853.015300498493
2025-11-11,106,5163.653532039892,50.0,5350.029015665527,813.0,26666.639816872856
2025-11-12,83,4510.522519085181,146.0,7532.313578209999,750.0,23644.848757748037
2025-11-13,69,3206.5500000534553,272.0,3389.1163665090767,547.0,23462.282391292414
2025-11-14,105,7829.444225469206,209.0,5925.025909788284,443.0,25366.700706973337
2025-11-15,107,9140.454446787013,233.0,14779.097205555288,317.0,19728.05794820506
2025-11-16,138,14191.227028892228,183.0,16961.780915695203,272.0,16957.504061402084
2025-11-17,118,17538.999734537632,113.0,8319.868367473124,277.0,26176.635428466594
2025-11-18,85,19656.847392163792,72.0,8743.592759299669,290.0,37089.89006133072
2025-11-19,53,1754.281610492244,6.0,4696.344894250253,337.0,34147.826777572714
2025-11-20,74,8581.95505476642,26.0,8313.999844964734,385.0,34415.7819873744
2025-11-21,101,7645.090796460002,44.0,10705.232508127265,442.0,31355.640275707137
2025-11-22,70,12421.9724855659,116.0,6365.71938945996,396.0,37411.89337181308
2025-11-23,80,9348.40170635336,85.0,9589.784417193176,391.0,37170.51066097326
2025-11-24,91,5135.424211264126,35.0,3900.091064504381,447.0,38405.84380773301
2025-11-25,70,10046.02747703551,35.0,7334.095772871151,482.0,41117.775511897366
2025-11-26,74,3945.231505517341,44.0,5665.002064433012,512.0,39398.0049529817
2025-11-27,45,3167.3795726042886,52.0,3920.375190081893,505.0,38645.009335504095
2025-11-28,100,4424.591037458288,40.0,6593.477864537356,565.0,36476.122508425025
2025-11-29,74,2543.403766117813,103.0,5582.228579836242,536.0,33437.2976947066
2025-11-30,73,1915.4580012220174,27.0,3860.759136581732,582.0,31491.996559346884
2025-12-01,122,10424.175936717711,182.0,15071.554952968125,522.0,26844.617543096472
2025-12-02,190,15961.546767361493,384.0,24195.191946506588,328.0,18610.972363951376
2025-12-03,114,2692.886928005534,190.0,9966.375734879395,252.0,11337.483557077514
2025-12-04,110,9251.707715042654,104.0,5305.977747934461,258.0,15283.213524185707
2025-12-05,124,10433.45691691752,97.0,8699.717492650832,285.0,17016.952948452396
2025-12-06,93,5253.502122097399,122.0,8131.671230759221,256.0,14138.783839790573
2025-12-07,90,1459.8665646098848,107.0,5543.101490889952,239.0,10055.548913510505
2025-12-08,100,3563.0806407518376,84.0,815.2013294177336,255.0,12803.428224844609
2025-12-09,123,8494.588594260444,105.0,5357.558560754284,273.0,15940.458258350769
2025-12-10,159,14425.173948679543,105.0,8899.00832046125,327.0,21466.62388656906
2025-12-11,86,4488.872324650843,62.0,7027.374606265753,351.0,18928.12160495415
2025-12-12,91,2940.374478267077,200.0,11147.171692408132,242.0,10721.324390813095
2025-12-13,86,867.5330553579519,87.0,1613.5030471963732,241.0,9975.354398974674
2025-12-14,89,3437.01408724952,83.0,697.5507237851281,247.0,12714.817762439066
2025-12-15,131,8951.644579208625,103.0,5615.133517487377,275.0,16051.328824160315
2025-12-16,96,5450.634286695713,20.0,2784.599045463461,351.0,18717.36406539257
2025-12-17,70,10108.077835415903,116.0,5903.400397272073,305.0,22922.0415035364
2025-12-18,106,5107.549620011651,68.0,6362.719365426064,343.0,21666.871758121986
2025-12-19,90,10034.050425439298,191.0,13701.302761917404,242.0,17999.61942164388
2025-12-20,93,1096.5168462869199,15.0,3958.506108761656,320.0,15137.630159169144
2025-12-21,91,1821.2500501817779,6.0,1956.2990502949967,405.0,15002.581159055926
2025-12-22,141,9194.333247674456,252.0,5861.458380186345,294.0,18335.456026544038
2025-12-23,79,5455.151497264638,47.0,4630.30524149,326.0,19160.302282318677
2025-12-24,80,7345.803068609663,68.0,5727.43688773136,338.0,20778.66846319698
2025-12-25,77,1835.9764354103115,48.0,2684.3357952947576,367.0,19930.309103312535
2025-12-26,83,3233.059773729373,76.0,7156.63668170561,374.0,16006.732195336299
2025-12-27,96,2907.454374583769,170.0,5382.534271359892,300.0,13531.652298560177
2025-12-28,87,3868.3932337601273,150.0,4653.184350208771,237.0,12746.861182111534
2025-12-29,107,1683.1358724123406,92.0,3446.907855246773,252.0,10983.089199277101
2025-12-30,128,3329.629016828948,107.0,2003.1860264206705,273.0,12309.532189685378
2025-12-31,97,1861.5610985678932,127.0,3133.1572577670936,243.0,11037.936030486178
2026-01-01,89,2351.8408901740527,93.0,1790.9377798124867,239.0,11598.839140847744
2026-01-02,90,3347.217360327328,78.0,2430.1486007936164,251.0,12515.907900381455
2026-01-03,91,1532.4095462583034,100.0,3984.681613015284,242.0,10063.635833624474
2026-01-04,102,2689.753348430735,94.0,1039.1320076617208,250.0,11714.257174393488
2026-01-05,109,2990.300174739033,100.0,2883.531926213908,259.0,11821.025422918614
2026-01-06,160,4551.127312627438,160.0,4175.486898955918,259.0,12196.665836590135
2026-01-07,179,6731.228113075623,164.0,4833.284057480687,274.0,14094.609892185072
2026-01-08,106,4120.821724140436,129.0,4770.004822271585,251.0,13445.426794053923
2026-01-09,81,1140.822607648945,104.0,4482.04098753748,228.0,10104.208414165389
2026-01-10,76,2126.7248054256725,70.0,616.9763861179657,234.0,11613.956833473096
2026-01-11,108,1463.0121122309708,91.0,2805.000628517543,251.0,10271.968317186524
2026-01-12,143,26013.019654480668,103.0,1336.293792721889,291.0,34948.694178945305
2026-01-13,98,2309.450262958202,92.0,19924.24345422936,297.0,17333.900987674147
2026-01-14,152,8464.233829506235,159.0,9586.730168749456,290.0,16211.404648430926
2026-01-15,101,3324.074833185924,151.0,8525.971476196122,240.0,11009.508005420728
2026-01-16,106,5018.336626929479,85.0,1865.0871782119912,261.0,14162.757454138216
2026-01-17,93,1273.8012550068922,110.0,5296.684173494347,244.0,10139.87453565076
2026-01-18,90,2838.104000468047,83.0,625.7741924216539,251.0,12352.204343697154
2026-01-19,105,3070.139118574997,117.0,3737.78793721851,239.0,11684.555525053642
2026-01-20,109,5149.895811493981,95.0,3129.755858878081,253.0,13704.695477669542
2026-01-21,95,3598.711724425106,104.0,5294.323139524138,244.0,12009.08406257051
2026-01-22,87,5847.36482022945,93.0,3371.6493713024997,238.0,14484.79951149746
2026-01-23,89,4640.081130715151,86.0,6922.729748644645,241.0,12202.150893567967
2026-01-24,82,3297.91278964848,97.0,3123.232492573032,226.0,12376.831190643416
2026-01-25,100,5992.95499144761,72.0,4029.653222967971,254.0,14340.132959123055
2026-01-26,87,6452.796676008407,96.0,5979.920439961388,245.0,14813.009195170074
2026-01-27,108,12725.567582762353,106.0,10132.028974901805,247.0,17406.547803030622
2026-01-28,117,7542.641828416401,101.0,10319.69914373869,263.0,14629.490487708334
2026-01-29,101,3968.4062301012136,115.0,6257.350492260412,249.0,12340.546225549137
2026-01-30,137,30695.252708976815,90.0,7099.758152659521,296.0,35936.04078186643
2026-01-31,197,21950.731059372076,162.0,30189.652344344948,331.0,27697.11949689356
2026-02-01,157,20676.892914562548,197.0,21860.34963985936,291.0,26513.662771596748
2026-02-02,111,14807.27400808859,57.0,13581.53506190888,345.0,27739.401717776458
2026-02-03,112,17144.561488605093,140.0,16132.526968614044,317.0,28751.436237767506
2026-02-04,158,28739.66037867545,175.0,20091.32916648993,300.0,37399.767449953026
2026-02-05,262,102546.77545742042,57.0,13430.104205492436,505.0,126516.43870188101
2026-02-06,195,50635.61921215018,281.0,78592.1653343231,419.0,98559.89257970809
2026-02-07,90,13177.642128745283,10.0,10000.0,499.0,101737.53470845337
2026-02-08,97,5808.05705939511,11.0,11000.0,585.0,96545.59176784848
2026-02-09,90,14230.457061883864,12.0,12000.0,663.0,98776.04882973235
2026-02-10,76,3030.1702830309573,24.0,5792.680750112702,715.0,96013.53836265061
2026-02-11,136,23270.58071285563,226.0,51340.26915891413,625.0,67943.84991659211
2026-02-12,80,2770.689603013472,40.0,9715.765102629188,665.0,60998.77441697639
2026-02-13,90,18263.017272058354,98.0,7422.837368006762,657.0,71838.95432102798
2026-02-14,103,17229.109766070913,250.0,34611.37867723512,510.0,54456.68540986377
2026-02-15,151,39452.85861322926,360.0,51940.011600826096,301.0,41969.53242226694
2026-02-16,71,8026.913537707138,35.0,11127.176666079798,337.0,38869.26929389428
2026-02-17,119,16453.63372633922,48.0,12882.09799027062,408.0,42440.80502996288
2026-02-18,77,6363.036714289279,8.0,4112.447194582452,477.0,44691.39454966971
2026-02-19,111,8395.140100235249,74.0,6554.095043345708,514.0,46532.43960655925
2026-02-20,79,2732.6306766606654,2.0,2000.0,591.0,47265.07028321992
2026-02-21,114,17544.87709046243,19.0,3200.7539830184355,686.0,61609.19339066391
2026-02-22,96,5622.078587429273,44.0,3617.919318767341,738.0,63613.35265932584
2026-02-23,275,100102.02294577657,418.0,36080.40856664503,595.0,127634.96703845738
2026-02-24,99,8785.432681224675,5.0,5000.0,689.0,131420.39971968206
2026-02-25,164,73199.09806204669,95.0,9701.484883555157,758.0,194918.0128981736
2026-02-26,105,20455.996841506683,109.0,11151.927142123315,754.0,204222.08259755696
2026-02-27,90,10310.195279239158,23.0,3576.2051928230644,821.0,210956.07268397306
2026-02-28,89,4561.807570346576,4.0,3827.38,906.0,211690.50025431963
2026-03-01,66,7689.645315376226,45.0,13827.62559366328,927.0,205552.51997603258
2026-03-02,100,6404.492350509485,63.0,10525.472606037758,964.0,201431.5397205043
2026-03-03,86,8222.00998629836,253.0,92568.75847705864,797.0,117084.79122974403
2026-03-04,124,13351.260861407603,163.0,66166.85007682253,758.0,64269.2020143291
2026-03-05,96,13937.49723703541,394.0,35378.62819321955,460.0,42828.07105814496
2026-03-06,119,32010.814988568767,139.0,17622.185517616694,440.0,57216.700529097034
2026-03-07,81,3512.479011742119,95.0,5657.780435347745,426.0,55071.39910549141
2026-03-08,61,3830.239739847123,10.0,2831.1633027441158,477.0,56070.47554259442
2026-03-09,67,10147.452446377809,23.0,6386.578913062992,521.0,59831.34907590923
2026-03-10,89,14502.110207515987,64.0,9713.627144511072,546.0,64619.83213891415
2026-03-11,78,9621.681177913753,42.0,19707.560168162567,582.0,54533.953148665336
2026-03-12,99,16918.481376547265,255.0,24911.28245902941,426.0,46541.15206618319
2026-03-13,124,24923.763303076146,41.0,8182.729301186969,509.0,63282.18606807236
2026-03-14,83,11183.559219710552,131.0,12362.554975580402,461.0,62103.19031220251
2026-03-15,89,7498.802815297678,50.0,9317.688477937689,500.0,60284.3046495625
2026-03-16,124,4333.3859175944135,2.0,2000.0,622.0,62617.69056715692
2026-03-17,138,28787.251509179798,298.0,46915.31179854329,462.0,44489.630277793425
2026-03-18,102,14718.227147262487,150.0,14174.224536439491,414.0,45033.63288861642
2026-03-19,138,29544.111415309777,266.0,41837.66765028096,286.0,32740.07665364524
2026-03-20,133,38560.822961041085,160.0,27449.376019649226,259.0,43851.5235950371
2026-03-21,87,6223.05677338852,97.0,34762.92973036008,249.0,15311.650638065534
2026-03-22,119,8851.456284608432,93.0,7846.483858382079,275.0,16316.623064291885
2026-03-23,119,32087.03481682641,121.0,9387.078499242729,273.0,39016.57938187556
2026-03-24,88,5833.3841758301805,42.0,12453.905888275653,319.0,32396.05766943009
2026-03-25,72,2054.283484435819,13.0,13000.0,378.0,21450.34115386591
2026-03-26,66,960.3678032742016,95.0,6183.922769662938,349.0,16226.786187477173
2026-03-27,97,23090.928660628095,190.0,6735.924915275619,256.0,32581.789932829648
2026-03-28,45,2693.6528981642314,79.0,23073.289785537687,222.0,12202.153045456194
2026-03-29,74,3952.5979301722887,52.0,3089.891546368542,244.0,13064.859429259941
2026-03-30,69,4427.3330079385205,79.0,3559.548926665096,234.0,13932.643510533366
2026-03-31,62,1723.6326245025189,68.0,5639.0557599466265,228.0,10017.220375089259
2026-04-01,66,1938.7385327750649,65.0,600.8090793245865,229.0,11355.149828539737
2026-04-02,89,4736.7595465672075,81.0,2729.722441289276,237.0,13362.18693381767
2026-04-03,75,516.8539786219856,81.0,3924.581790421013,231.0,9954.459122018641
2026-04-04,75,2481.639359329718,65.0,514.2451513389926,241.0,11921.853330009366
2026-04-05,11,4.271156160885501,0.0,0.0,252.0,11926.12448617025
